SOURCE_ID,ra,dec,parallax,pmra,pmdec,pmra_error,pmdec_error,ruwe,astrometric_excess_noise_sig,astrometric_gof_al,visibility_periods_used,phot_bp_rp_excess_factor,bp_rp,phot_g_mean_mag,phot_bp_rp_excess_factor_corr,distance,gm,Mem_Prob
3949797301455170816,182.83065709082103,18.186693684128382,-0.3713841719784427,-2.0879358498219687,-2.811168806268977,0.42929503,0.23514195,0.9962176,0.0,-0.04760813,16,1.1894937,0.66861343,19.373528,-0.0004372020212026,0.4686884202403955,1.2351238237758972,
3949890966101979008,182.95026878819897,18.23411689144207,1.0578746083299708,-1.3141082698640552,-1.8885487847322449,1.0424747,0.8151703,0.9060863,0.0,-1.5631548,12,1.4336866,0.54016304,20.662806,0.2520453082377554,0.5250195717794806,0.5244002969267024,0.8703739021703126
3949893268204440960,182.9430033087879,18.26511177267792,1.286281911470369,-1.3231119268143514,-2.475862422756261,0.09327413,0.05255371,1.0086844,0.34479913,0.22339487,15,1.273741,1.5641308,17.0116,-0.0041999078314738,0.5013919191482726,-0.4867393221766325,3.034019957548182e-14
3949893409938678784,182.9648450608243,18.2868597535472,0.5033579823199636,-2.1530952375597447,-1.4481513251415896,0.057915755,0.035904374,1.0089151,0.0009862358,0.23554958,16,1.2080326,0.8834076,16.350353,0.0015152662408954,0.508488173797115,-1.7054506353670895,
3949981675811065728,182.4255927694698,18.15495634802464,0.3148986806590275,-1.131671339154192,-1.9736732555815133,0.64035654,0.5269311,1.0132668,0.0,0.31112945,16,1.0914369,0.5680237,20.01664,-0.0918936307954954,0.3996055380198197,0.5657609857649472,0.8747318293544227
3949985008705692800,182.70744587197143,18.18821599736636,0.3942686448279838,-2.1160847097102096,-2.429047527922892,0.23871641,0.15913446,1.0093461,0.10337334,0.24025835,17,1.2325659,0.8827801,18.612904,0.0261017175468341,0.3980573033105837,0.5085024051751073,0.5084074068704338
3949987826204237056,182.50208095210627,18.17731731638996,-0.9800343490584604,-2.323559754262412,-2.1310469358684263,0.5880046,0.4907202,0.95349026,0.0,-0.983308,16,1.2355725,0.51951027,19.94943,0.0551436580554081,0.3654021654032405,-0.1823285906543654,0.8979474850550887
3949990544919040384,182.6012088480745,18.318681327747427,0.6237574285191899,-2.552020924862871,-2.104475411215531,0.05162107,0.04667706,1.0297554,0.0,0.7384108,17,1.2049316,0.85576725,16.16239,0.0007302275990286,0.2359640182347573,-0.35884542482687,2.701767821260562e-55
3949991708854545280,182.3395394711458,18.11748983659312,0.1566701542253802,-2.4847530855635704,-2.0603729355668,0.575509,0.44582072,0.9953874,0.0,-0.06267673,16,1.2111969,0.60806847,19.982767,0.025331886850709,0.4632542353812001,-0.5032564711151162,0.8780337351054939
3949998786960727424,182.3194522179052,18.317032462781103,2.053822767776193,-1.3432504028556986,-2.300983460540924,0.92217857,0.801142,0.9252826,0.0,-1.3843523,13,1.3955238,0.8670254,20.19808,0.1903853752115349,0.3047298533561035,-0.17872385929223786,0.8856311401910268
3950001883632700672,182.4590641901887,18.32883244498804,0.6644313244116079,-2.3522386239068127,-2.543043241713251,0.79035354,0.6173022,1.024841,0.0,0.5954302,16,1.1649305,0.6987953,20.14848,-0.0271303345718436,0.2231321077865042,1.152872385954038,
3950003872202288256,182.55477038385715,18.39243213997837,-0.6766596212792997,-1.4210736877397714,-2.5582384090198764,0.67435837,0.6069139,1.0205564,0.0,0.49471578,17,1.114979,0.507761,20.02654,-0.0647753278380955,0.1525018705014842,-0.4526145953456059,0.8718973376863934
3950004147080198656,182.5273973114992,18.41453003490373,0.2488028183536713,-1.985258895232014,-1.88372873428558,0.4836859,0.380272,1.0365158,0.0,0.88860095,16,1.1037246,0.29346085,19.481575,-0.0633258315195708,0.1274925060702339,-0.45605687999755673,0.9172599054058486
3950004937353971072,182.4080210558697,18.34630248193486,0.2860787704139655,-2.103454560346244,-2.629725277985304,0.15333788,0.15070628,0.9907289,0.0,-0.19895288,17,1.2247249,1.1018105,18.16558,-0.0018415045232411,0.2279947191201921,0.9075953070819822,0.003044619332001431
3950045653643859712,182.11468370917223,18.31708177782176,0.0595193266165667,-1.063102140297133,-2.155103033830994,0.13637984,0.08762147,1.0264345,0.0,0.63813436,15,1.2215288,0.9897671,17.742344,0.0056263581962128,0.4679184386049435,0.10139390382392163,0.0018649622648361046
3950051185561930368,182.175114547407,18.42952680060657,-0.2595435161406081,-1.3558034096664944,-2.4856299334202654,0.46464634,0.23775074,1.0009018,0.0,0.05034739,17,1.2140859,0.7206898,19.417093,0.0204378090055226,0.3675187757353533,-0.45667301764915424,0.7885201301900833
3950053247146226176,182.33474931424576,18.41339854467096,0.7256272850639741,-1.8457737118486373,-2.01412449903235,0.24181831,0.21109244,1.1216336,1.5033978,2.7701437,17,1.299946,1.2729836,18.64502,0.0556589335460784,0.2296381016789453,-0.14367976123469325,0.9676406217867384
3950054831988900608,182.27444883772108,18.496526218060072,-0.2221462683989258,-2.139196199480858,-1.4866104413736034,1.6731936,1.0368308,1.1234678,1.5233384,2.448501,13,1.6655895,2.0478573,20.475306,0.3240368788758989,0.2546443593784085,-1.5698903269692361,
3950054965133165184,182.35618760919263,18.46179870041799,1.022081557415703,-1.6070018234227514,-2.2015497814005904,0.33776894,0.2863109,0.99432594,0.0,-0.09367825,17,1.1502177,1.0111217,19.109015,-0.0676571472256737,0.1868953497140723,-0.004009397591800537,0.947769438253422
3950058194948584960,182.1533224892928,18.501731851734743,-0.8604700533738082,-2.052466737610596,-2.334350012898333,1.6289412,1.0827756,1.0753902,0.7259953,1.1781131,12,1.2751861,0.6999512,20.579374,0.0830423497209584,0.3738525053148827,0.2631001964988319,0.8729830372671067
3950071496462591104,182.0634698903301,18.59822649937118,-0.0307265978255156,-1.328833009456465,-2.425960157333476,0.1219519,0.08067724,0.9401103,0.0,-1.3639476,15,1.2229292,0.96474457,17.696991,0.0093010235728618,0.4649424280095781,-0.39541393847764217,0.00013337591555121172
3950080872375495424,182.83426967712103,18.321182509028827,0.2385593790106046,-2.01390885835144,-2.354912945780556,0.8166796,0.4903256,0.99228096,0.0,-0.13122164,17,1.2447206,0.606369,20.422792,0.0589656752782525,0.380010654462933,0.2696872383241066,0.891342631147903
3950073485032207616,182.2517701429445,18.695059170031943,-0.0716678705641526,-1.7942832511518363,-1.6806761341246008,0.7340845,0.53543293,1.0418195,0.91755617,0.94949496,15,1.2069204,0.75032043,20.109716,0.011068493273036,0.3131799232349261,-0.29069663233030313,0.9076216952351419
3950083277557488768,182.8688732460772,18.399148441864025,0.5198915094942134,-1.2199329328023465,-1.4314284246628883,0.23944598,0.15275815,1.0255567,0.30930883,0.62318945,17,1.2006083,1.1027527,18.806234,-0.0260510246339935,0.3723645754224391,1.6651098167878415,
3950086885330023424,182.76758562594952,18.43532191441033,-0.6419830008101535,-1.662437851311945,-1.4781482776134078,0.99564725,0.64329654,1.0461557,0.27111712,0.9248936,14,1.0582112,0.13122559,20.348358,-0.1011363655836128,0.2650056600572821,0.045556077887389655,0.8982763367183006
3950093619838771712,182.8813407331721,18.54019937516409,-0.1132237432186636,-1.776463780086922,-2.5195218560645065,0.15825272,0.10078727,1.0566324,0.36768475,1.3583165,16,1.2234303,1.0324993,18.207022,0.00355221886401,0.3563452825104073,0.16025024803994137,0.008860272987923728
3950081353411830912,182.88560081860984,18.30950972238997,-0.0366950171402349,-1.678641626650132,-2.628586776972265,0.12816316,0.08206427,1.0144382,2.4150455e-15,0.36734512,17,1.205389,0.9157715,17.830374,-0.0039054180264344,0.429050905563986,0.006168365926871552,5.1417404596101236e-08
3950081460786485760,182.9276319891692,18.330689613598285,0.0577204350597111,-1.1546434781038766,-2.3054863046091283,0.9194883,0.48782006,1.0122838,0.8716146,0.2863532,15,1.4130181,1.7277622,20.459087,0.1144946959666295,0.4547137540294953,-0.2914181951048808,0.8853559650645582
3950098812455180416,182.63582869311983,18.50392272246993,0.0021612747459933,-1.7894768430708918,-2.177636386858453,0.07198578,0.057253014,1.0517385,0.0029714096,1.2400868,17,1.2229941,1.0485516,16.860706,0.0015931319752608,0.1171873640063256,-0.0064734311954751595,0.9774930845708552
3950103755961626240,182.6289074895245,18.57743723682618,-0.4399383853739911,-1.7471562650367,-1.5200249423046672,0.72778916,0.4525849,0.98917466,0.0,-0.19804753,16,1.2263381,0.8074188,20.094059,0.0260618471739171,0.109784170685743,-0.23044630995980375,0.90458517462225
3950103824681101056,182.6775641952128,18.57509090816973,-0.1171896726079809,-1.342100007526692,-2.2017644375725247,1.2339388,0.83602923,1.0383406,1.5743433,0.7208257,13,1.1164958,0.7732525,20.443819,-0.0811051754307463,0.1561116327005252,-0.01980878063350108,0.8843058563385682
3950104069495159168,182.698722665207,18.616944125020467,-0.4111392258495797,-2.1143332749537014,-1.8686532778520488,0.61342144,0.34367552,1.0323746,0.34315917,0.74850005,16,1.1906137,0.68359566,19.846388,-0.0003660262905522,0.189198800952067,-0.6780990073488226,0.8870322600377273
3950104103854916864,182.656183805108,18.59888220408068,-0.0714086387615241,-1.3369569593290251,-2.01223850756664,0.25534636,0.18014972,1.073532,1.4085835,1.7293838,17,1.1629788,1.0077915,18.882446,-0.0545865604035771,0.1429852295297826,0.28932078504967507,0.9303106117378256
3950104340077196288,182.6771909027468,18.636443871879788,-0.0472580948059167,-2.175108771017982,-2.1134418924331646,0.16209228,0.112929784,0.9930767,0.0,-0.1395819,17,1.2342798,0.9158554,18.187479,0.024978092038544,0.1791136952176626,-0.1829186244560519,0.6390338467214226
3950104511875876992,182.6205365954068,18.59778741809533,0.4746760443431324,-0.8851430658352964,-2.0685856578040416,0.54814404,0.29982743,0.8914244,0.0,-2.5279064,17,1.2590233,0.6276779,19.707123,0.0718719691711218,0.1106321701841974,0.4604927855781362,0.8780239586589385
3950106131079490560,182.855711773795,18.587935289256244,-0.3081467441603547,-1.662131654877769,-1.987737244288011,0.6712616,0.38151756,0.9204493,0.0,-1.7175806,17,1.1488589,0.707777,20.09526,-0.0438488068328897,0.3338866995339757,0.013216324394320937,0.9249691927036227
3950106642179648896,182.75324991048865,18.578190082185287,-0.0945043279276105,-1.4840890879630586,-1.952052109188456,0.548363,0.2874092,1.0626683,0.330723,1.4779954,17,1.157295,0.8629074,19.643108,-0.0474996689897424,0.2311011546631714,0.21925242886930713,0.9340951274401762
3950107402389810816,182.7947668995509,18.63626605879444,0.1410927557807226,-2.465657615294942,-2.389123357709546,0.55763525,0.3232123,0.9417577,0.0,-1.2828113,15,1.2750276,0.46255302,19.783205,0.0981404243095258,0.2857626111546704,0.760179398046925,0.8135495997101025
3950108772483254272,182.85376097499653,18.655854055309213,0.9163305396497374,-2.3588069006182377,-2.041326024814713,1.5864663,0.63078386,1.0327176,0.35897052,0.6460703,14,1.3704683,0.64336586,20.645538,0.182266730453338,0.3479174105890937,-0.4876148298412684,0.8745550420842307
3950109597116978432,182.8739769793088,18.71579239401765,-0.4947143643285238,-2.2204568274220207,-1.5481845015336826,0.5628875,0.3539783,1.0298713,0.6390659,0.68295383,16,1.1086955,0.7657795,19.957396,-0.0883313614318164,0.3898573178816472,-1.6834916566585572,
3950112895651714560,182.84030262168696,18.75514307381589,-1.3114564042270571,-1.0035000484455383,-1.660278522137113,0.6434751,0.33669668,0.94551575,0.0,-1.2073635,17,1.0313458,0.61400414,19.939346,-0.1549054595997372,0.3805860128254211,1.7143664465375743,
3950133889451868160,182.97258955252968,18.80781559627619,-0.753953197054426,-1.9304593559173924,-1.992158594628049,0.23832299,0.17666723,1.0026021,0.0,0.08831609,15,1.1200889,0.20853615,18.936733,-0.0427174232744806,0.5205711658912566,-0.2422010841532001,0.9622845782269308
3950152173128873984,182.5426768998909,18.66960057656197,0.112354000705951,-1.4877108124661838,-2.206035004234604,0.15522069,0.12634584,0.95659304,0.0,-0.9193123,13,1.4515061,0.10389328,17.400906,0.2932890242253316,0.1288191753144651,-0.015032975257189657,0.945615859833581
3950152237552487808,182.6052197797752,18.66151687639404,-0.1912291705143679,-1.938996133013396,-2.017450532277524,0.48391825,0.23509724,1.009171,0.0,0.23387136,16,1.1532017,0.96803665,19.339823,-0.0607233948442593,0.143942685851592,-0.21822733304005557,0.9461775983716935
3950152271912316800,182.5780968152824,18.657360690877223,-0.806263474207853,-1.411914344878739,-2.120206405130941,1.0184221,0.8562428,1.0020634,0.0,0.07451082,14,1.1343414,0.8947449,20.249088,-0.073140799548403,0.12699354626438,0.08803144507651159,0.8883005040463439
3950152860323508224,182.4999062749176,18.671431364959275,0.504202905319629,-2.108605914028334,-1.546135113397746,0.5881756,0.4753051,0.9856068,0.0,-0.28711212,17,1.3602169,0.71806717,19.77692,0.1667607926593399,0.1318414702350203,-1.3420909971166897,
3950154024258740352,182.39771432149013,18.64328414562205,0.1316000975511021,-1.3948759526309429,-2.013291781321653,0.17727794,0.14576386,1.0659524,0.58777386,1.612313,18,1.2190608,0.9220314,18.311096,0.0092211910294031,0.1626656758757315,0.2384304177624274,0.9266298164570306
3950155261209324032,182.3217692135972,18.68334138014553,0.6407559647979543,-1.5879928334982143,-2.415249011144524,0.95233226,0.829859,1.0415148,0.7945838,0.9428413,17,1.4679817,0.4833603,20.454346,0.2897565487019313,0.2475482544542439,-0.09547660866650962,0.8863493594582508
3950156085843191168,182.4754076463996,18.69759844069994,-0.3679568568926469,-1.738783216923178,-1.8503034717288345,0.24432792,0.21489029,1.0171078,0.0,0.43521196,17,1.2080634,0.94153595,18.760496,-0.0034914515832711,0.1633103679619929,-0.10306316823407459,0.9615037048175561
3950156669958748672,182.5008766019412,18.73903021955269,-0.0242720841444754,-1.8959147823946896,-2.1076446584927604,0.2580267,0.22996084,1.0739537,1.5368563,1.7724686,17,1.2332519,0.86771584,18.732166,0.0280557269457772,0.1985015006262763,-0.08680450030936777,0.9605452077360013
3950157700750904064,182.45894926638667,18.773239439236725,0.0148190526464846,-1.788119546481056,-2.0058158665764605,0.12138058,0.11304625,1.0549358,1.1546111,1.3388844,17,1.2200916,0.98983,17.671202,0.0041833908910846,0.240487791102531,-0.0994657738261774,0.9873516752460698
3950159178219301120,182.65554714756263,18.77167731625488,-0.0081735396305396,-1.8031893376932089,-2.36200002183896,0.2306166,0.16320893,1.0081757,0.0,0.22692022,18,1.2210022,0.94787216,18.80373,0.0088847796544728,0.2641859711240947,0.1059999047183054,0.9068360321857275
3950164538338509696,182.57415527018017,18.89371517562069,-0.747449077159982,-2.4824603906313816,-2.2010206375795924,0.6336497,0.30379677,0.983465,0.0,-0.3228514,17,1.3393259,0.6193199,19.63293,0.1527264343270926,0.355133503556589,0.04500710824613335,0.9042689444024463
3950168249190432512,182.2444631231348,18.74711773592571,0.1456221198745216,-1.3635027625217806,-2.4523566267671875,0.4703724,0.32071602,1.02499,0.73506737,0.5967466,16,1.1867294,0.823679,19.380335,-0.014848849511067,0.3475258621636208,-0.39561485086626313,0.8679040122009541
3950168352269648640,182.261099330254,18.760911393624024,0.2704772217415096,-1.367819620737674,-2.7061884713831126,1.6161,1.2351836,0.95866126,0.0,-0.6950886,13,1.093612,0.2646675,20.629272,-0.0719473186890991,0.3428786399745478,-0.7668157912547785,0.8147916493634743
3950168936385208960,182.3025780370993,18.811546706182305,-0.1669622241409614,-1.7521850274708248,-2.40884827387924,0.120565265,0.10541602,1.0551277,0.0,1.263313,17,1.229074,1.0174427,17.446182,0.0106098049029697,0.3494666742256469,0.08084661276685573,0.4922537486102833
3950169108183900160,182.29442069888407,18.80977625538505,0.3256278266993318,-1.420318767160345,-2.151410644108188,0.750629,0.48747468,0.9275134,0.0,-1.5603445,16,1.0542631,0.23859406,19.871199,-0.1099921354230275,0.3533708208824729,0.04681698773303923,0.9069123854756663
3950170104616476160,182.4052554015616,18.83552402144353,1.094800414819511,-1.756514932516449,-2.6772874845354444,0.8115642,0.5257784,1.0307051,0.35604438,0.69036806,17,1.2072611,0.6440029,20.026476,0.0190164883253678,0.3170096528807252,0.18994220170103307,0.8696831161978418
3950171307207171328,182.37976580175985,18.89071428458747,1.3462503050594237,-1.544972641033046,-1.922898562838176,1.1438906,0.81089497,0.9287318,0.0,-1.4021206,14,1.4249644,1.0592384,20.54104,0.2025407724707089,0.3777494204016901,0.16796720019393538,0.8890145609074454
3950172681596694528,182.17489783376183,18.834133613738867,0.2113711127134091,-1.2650910625028626,-2.42836049813614,0.5327789,0.34574074,0.9895323,0.0,-0.19767658,14,1.1497903,0.7123337,19.573446,-0.0432478556367519,0.4559754106098159,-0.47282178093629,0.860452953647503
3950174743181006336,182.24460342301683,18.88254887785687,0.5094436743479188,-1.417455180209388,-2.0497562529626,0.62192214,0.5319843,1.1086136,0.9851653,2.435303,17,1.144351,0.8549824,19.909025,-0.0597853691004286,0.4411301152647096,0.17387346277996157,0.9092623255071882
3950179209946817536,182.4891282019512,18.982109458804903,-0.020441256585962,-1.36629628602488,-2.6590141431042458,0.26301476,0.2236855,0.99156684,1.3427995e-15,-0.1472512,17,1.2176656,0.894001,18.868427,0.0102469747330877,0.441568931906218,-0.7002593965065304,0.3822679700897421
3950179587903948032,182.5089501233552,19.01652229992568,-0.7648706019505745,-0.9672565998585996,-2.4730428075679405,0.5696242,0.4473051,0.97796905,1.3674401e-15,-0.4275277,16,1.3150266,0.39707184,19.90852,0.1421677028488728,0.4747936516709847,-0.9683239088389437,0.786417159198961
