SOURCE_ID,ra,dec,parallax,pmra,pmdec,pmra_error,pmdec_error,ruwe,astrometric_excess_noise_sig,astrometric_gof_al,visibility_periods_used,phot_bp_rp_excess_factor,bp_rp,phot_g_mean_mag,phot_bp_rp_excess_factor_corr,distance
3950102725172877824,182.53902255253573,18.53316788310781,0.3375889892726746,-2.1655062699887058,-2.731644097484246,0.8543417,0.5998431,1.1115844,1.9707285,2.3717616,15,1.111379,0.60785675,19.926857,-0.07447228619109,0.016572213745132642
3950102931327879040,182.55650664981133,18.55677360886621,-0.2546781813856767,-1.9107005333259104,-2.036851406047838,0.6150107,0.46759996,0.9717505,0.0,-0.61279845,16,1.1147954,0.57504654,19.810244,-0.0689705797699189,0.03479839796980322
3950149694931821312,182.4851275772789,18.57041626231863,0.4231200193945753,-1.92674627721542,-1.4125482305469346,0.7292338,0.67533684,1.053781,1.7554218,1.2607636,17,1.1901371,0.63778114,20.160704,0.002311548431654,0.048962169659979626
3950149699227042944,182.48693854790235,18.57027435954569,2.811853220807252,-1.052313577799867,-2.004643176077582,2.200047,1.3756955,0.8022183,0.0,-3.2762296,12,1.2775527,0.3931427,20.82224,0.1049267134460045,0.047414275735273584
3950149699227707264,182.48967680785552,18.57691677154579,-0.0338377608252507,-1.7022005020847062,-2.1851793965920647,0.077340044,0.07366735,1.0336808,0.0,0.8423563,17,1.1554557,0.281847,16.996841,-0.0109868485406883,0.04966798605195533
3950007312471366144,182.52609295029995,18.452583436081845,0.0664078086721047,-1.6135401628990278,-2.1401106749056047,0.19272348,0.17619012,0.9671568,0.0,-0.7761484,16,1.2053474,0.9422951,18.468147,-0.0062747156632336,0.08942324330557429
3950008613846231424,182.4732660117844,18.505509302072443,0.1991308271631936,-1.9412855442304384,-2.3380625655843934,0.76513976,0.47938335,1.025894,0.67695814,0.6074447,17,1.1447505,0.6691513,19.946291,-0.0452177650229164,0.06330858213490781
3950008648205933696,182.443979425634,18.50132571911116,-0.865560254964229,-1.4762502109803683,-1.4351197560167317,1.1329905,0.6733222,1.0596384,1.546411,1.2316471,14,1.2234331,0.75491905,20.089579,0.0272334718433859,0.09065721480621255
3950055583608544768,182.44289446337933,18.51082117878845,0.4938087583462774,-1.826642913396333,-2.5289734361306104,0.19602123,0.17733991,1.0003239,0.0,0.035054315,18,1.2209347,0.91358566,18.637766,0.011830041771015,0.08782618081136526
3950055583608567808,182.43070897691288,18.516173618618364,0.3738823007667402,-1.4626667316514954,-1.938280504858771,0.61844033,0.4600636,0.99259627,0.0,-0.14169957,17,1.1937435,0.6629238,19.903822,0.0042064982120186,0.09776399649199215
3950055686687784064,182.4379065640937,18.536950494180086,1.1163112886184272,-2.3286765474343936,-2.4787108777359523,1.609789,0.91601765,0.9571453,0.0,-0.8049688,15,1.1448869,-0.07057953,20.586882,-0.0072502750218059,0.08723969329949326
3950102587730483840,182.50046061357168,18.53205719002933,0.6255902875654835,-1.8018975926413776,-2.76000346995422,0.7684129,0.6238043,0.9177105,0.0,-1.8665321,16,0.9816498,0.5662327,20.171352,-0.2015702992964614,0.026477178029234515
3950101144621451136,182.5373634497945,18.46506170350118,0.5959718922683344,-1.787461479450524,-2.1930076023902467,0.7395909,0.662686,0.97312975,0.0,-0.5660952,15,1.1661202,0.84523964,20.013739,-0.0372127593294218,0.07792532553003108
3950101286356410112,182.5669165461084,18.485948915867564,1.4996081991553043,-1.7304083813919744,-2.307055181401984,1.2653575,0.8231862,1.071151,0.5817774,1.3875387,15,1.0428957,0.54992104,20.371906,-0.1393302570986931,0.0699908627613474
3950101385139621504,182.53542995411144,18.481697662446503,0.8920735013817178,-2.263190071012808,-2.412534734566623,0.48116875,0.37584525,0.96114874,0.0,-0.88699925,16,1.2532853,0.7543011,19.48494,0.0571324861835602,0.061197678527723315
3950101385139622016,182.5370258558308,18.483335301695217,0.044748381967973,-1.418126450829693,-2.757245168751333,0.6313164,0.5237305,1.0288458,0.43134224,0.67542666,16,1.2436547,0.6692257,19.793581,0.0536812650939251,0.05988462269776999
3950101419499491584,182.5148175133801,18.492599858345,-2.831104414908386,-1.6818511485940195,-1.511027872022137,2.0879066,1.3104135,1.100229,1.9100679,1.790703,11,1.1804808,0.71637917,20.758581,-0.0128520073512503,0.05043864618820287
3950101488218840192,182.55480226291584,18.49799428928529,-0.0416188840826108,-2.0103611133375354,-2.1971950412318817,0.2807055,0.2414012,0.931416,0.0,-1.6139636,17,1.2404308,0.9042759,18.853703,0.0321308005746991,0.053147694685766425
3950101526874405376,182.56000962896505,18.50971183874619,-0.0483398670694192,-1.711085435261416,-2.0798991186235485,0.064955615,0.057757474,1.0558342,0.0,1.3420173,17,1.2305895,1.07971,16.54293,0.0061874043783725,0.04762561786919075
3950101556938448000,182.5349210462857,18.50710461880529,-0.3117433066343368,-1.4159710226451871,-2.258087162225664,1.7533497,1.2263565,1.0970488,1.3115324,1.7568133,14,1.162908,0.5294132,20.565254,-0.0180979584245291,0.036278296378508754
3950101561234142720,182.5352530593518,18.51209029409064,0.0655114454387559,-1.6060759073484148,-2.116224844266068,0.090894796,0.08613407,0.96853346,0.0,-0.75827247,17,1.2199435,1.0184078,17.257404,0.0013891019736145,0.03161828163666791
3950101561234275968,182.5377762257569,18.507961254917745,0.366527561150877,-1.033572935067701,-2.1503603105182254,1.363852,0.89798373,1.0538638,1.3120799,1.1664749,15,1.0319688,0.63339996,20.453766,-0.1555634268195944,0.03635750419604721
3950101591298060032,182.53964346704672,18.514270828369657,-0.1906653766420557,-1.5396940437094715,-2.1394635363731727,0.1511015,0.1371639,0.98391324,0.0,-0.37693208,17,1.2821498,0.92837334,18.093447,0.07175521823232,0.03135822199126073
3950101591298060672,182.54104442442247,18.51553245578188,-1.218049481344842,-1.691376795521609,-1.5070185803382918,1.3057919,1.099188,0.9897029,0.0,-0.17711173,13,1.150579,0.6009674,20.5712,-0.0348274992729429,0.03095083927757482
3950101591298062592,182.55255685016004,18.519326503527022,-0.1583708481739925,-1.9167992913613423,-1.9433997801030425,0.15839384,0.14423458,1.0572127,0.59537727,1.4156017,17,1.1998495,0.9201317,18.097261,-0.0098243854833997,0.035685675460232574
3950101591298063104,182.5484538638524,18.51994419542013,0.2011027098244311,-1.792726100494447,-1.6726728320908442,0.29858446,0.27346858,1.0019531,0.0,0.07444079,17,1.2099526,0.9698715,19.023077,-0.0041382859738328,0.03219537614738356
3950101728737013760,182.5868400985724,18.515062428089035,-0.3334847981679169,-1.5690591163350205,-2.230822986157713,0.27836025,0.24912758,0.9838234,0.0,-0.34294435,17,1.1730007,0.9030018,18.904358,-0.0351896252335657,0.06745243191984522
3950101934895447808,182.5767413807872,18.52097308682616,-0.1816799369675035,-1.7541836389864598,-2.067272155865909,0.39425272,0.2961973,0.9532743,0.0,-1.016796,16,1.2004228,0.9013443,19.130804,-0.0076250100306356,0.05585070781455611
3950101934895449088,182.58107605500703,18.523206344395508,0.4000075481267428,-1.9043156239375207,-2.509604401830364,0.5022459,0.37107053,1.0690556,1.813415,1.5745586,15,1.2665297,0.85962105,19.390064,0.0620085355778907,0.059141571133436134
3950101969255311104,182.56289073938072,18.51940489923594,-1.261389018049927,-1.924682762759756,-1.6412934798882692,1.7902331,1.1990585,0.9614195,0.0,-0.67321885,14,1.2327511,0.9297714,20.702827,0.0222338201659393,0.044116286214449865
3950101969255835264,182.5571448944141,18.52372478865452,1.3289487023122106,-1.182686310183396,-1.873229360709851,1.2335105,1.1349506,1.049696,0.19963373,0.96539533,12,1.2652104,0.49107933,20.530743,0.0864817827823221,0.03697671681769287
3950101969258848640,182.5607252177101,18.53317429283497,0.3641375160401122,-2.216228215370598,-2.048523098949251,0.5365619,0.39588076,1.0149113,0.0,0.35010555,16,1.2704482,0.7640362,19.548342,0.0735546939421178,0.03679924302747969
3950102037974668032,182.5930134836173,18.529609977436422,0.5293302715231638,-2.3164154772212435,-2.485566308063776,0.8229627,0.70101994,1.011927,0.0,0.28344506,16,1.217871,0.4411583,20.18542,0.0423304313124677,0.06913281863838375
3950102037974795776,182.60179528334365,18.534627917532006,0.0265843210035057,-1.9446683591506448,-2.1948240380475728,0.83060604,0.6622917,1.0304912,0.0,0.62998635,15,1.220829,0.49406624,20.086224,0.0419045324569586,0.07714831912456199
3950102106694154624,182.58362265196885,18.54977700987052,0.145270190790329,-1.6171659798568605,-2.228103236171226,0.19351517,0.17006621,1.0118297,0.0,0.31069052,17,1.1808503,0.9337635,18.389593,-0.0300180455503908,0.059136259658408186
3950102209773345792,182.51663387157248,18.49686469883549,-0.2625290626307072,-1.880665115694349,-2.1916417902691165,0.20522912,0.19110566,0.9828375,2.3323137e-15,-0.3921385,17,1.1988617,0.9808407,18.578728,-0.0162248353595,0.04590411219135923
3950102209773347840,182.5151421707141,18.50657178263588,0.0136785811371426,-1.737525210656408,-2.0272791073638707,0.13840403,0.11809496,0.9772779,0.0,-0.51158893,17,1.206054,0.9950886,17.82205,-0.0103372594393491,0.03677411295774767
3950102209773348480,182.51489525127263,18.50934587412197,-0.3424580437042021,-1.5563175226632238,-2.5731046159776048,0.7125864,0.5816704,1.0616267,1.7612369,1.4231042,17,1.134871,0.7471924,19.994104,-0.0607452533339254,0.03418183558122218
3950102587730484992,182.5038609481421,18.534324811649707,-0.5911340825604213,-1.4148399779099463,-1.810747012991929,0.68818134,0.6135088,0.9888509,1.2585345e-15,-0.22273201,15,1.060609,0.54450226,20.021461,-0.1212913505047343,0.022489286997682198
3950102244133086464,182.4960349261668,18.50730366655284,0.2612149947316817,-1.7194957705107945,-1.8281083843436607,0.574873,0.3902831,1.0452111,0.034680422,1.0429875,17,1.267232,0.7899437,19.70484,0.068334377813239,0.045197467371963326
3950102278492825728,182.5084580358464,18.510665225425733,-0.5231463645633821,-1.4167151772199753,-2.467278856981191,0.60574377,0.4447312,1.0651902,0.0,1.4889691,16,1.1908154,0.7245712,19.7754,-0.0031177424001274,0.03543310141209512
3950102278492827136,182.5102291320129,18.51330586224858,0.204646871362346,-1.4773280246169498,-1.8985654252445607,0.8795969,0.61801213,1.0060027,0.0,0.15863566,16,1.5320231,0.5380192,20.117638,0.3505092471086699,0.03227277618039428
3950102278492827904,182.49506126799275,18.51410896082541,0.377951757261864,-2.4916338203722552,-2.111761917721713,0.68298286,0.4160411,0.9373162,0.0,-1.4352467,18,1.0727878,0.6799488,19.813515,-0.117935087242579,0.04091745031695722
3950102282788020736,182.4992660374128,18.51515107662232,0.7897326030952587,-2.4279627571453988,-1.730848255847803,1.5548193,1.2377081,0.948206,0.0,-0.86653614,12,1.1592424,0.46599007,20.68953,-0.0178638621433344,0.03719007282837477
3950102282788648064,182.5059329985864,18.52245003667712,0.0603457335507839,-1.6841664358663253,-2.116585146010257,0.103466496,0.094806425,0.9964784,0.0,-0.05580919,16,1.208454,1.0161285,17.418613,-0.0098874573825575,0.027308453065541166
3950102312852569216,182.5246081597712,18.52026959343236,1.2999352803086774,-2.118048582165383,-2.518037283019426,0.83388805,0.6553202,0.9682669,0.0,-0.6342337,16,1.3556415,0.8544655,20.133268,0.1515479188953876,0.021733939089817984
3950102312852605696,182.5263831388598,18.523690657721065,0.1829681660506128,-1.9395980082486333,-2.09572430109175,0.3808893,0.29101434,0.9952178,0.0,-0.08069783,16,1.1511251,0.90563583,19.159811,-0.0572920811453037,0.01836151104328703
3950102317147499392,182.53030766597803,18.51132969108756,0.1535245936175164,-1.4630041851040871,-2.276183323386079,0.6996666,0.56787074,0.99630713,1.2945734e-15,-0.050759155,16,1.1017861,0.58724976,20.062096,-0.0827457060866927,0.031126181373866465
3950102317147500032,182.52345063642167,18.51514317522528,-0.4229458502067446,-1.9129271865952853,-2.8616860879236325,1.2342917,0.906133,0.9843632,0.0,-0.28877008,14,1.2177244,0.7298851,20.508604,0.0233992209823583,0.026901478852992117
3950102317147527040,182.52784212662183,18.5220193280124,-0.4027046371938394,-1.8973482435324984,-2.219426374218984,0.68876916,0.582889,0.95231295,0.0,-1.0183014,17,1.0791289,0.6450825,20.102547,-0.1091887259590953,0.020181797165034043
3950102317147814528,182.526297685866,18.52277719636626,0.8293188548871807,-1.9959006813164752,-2.598476862247129,2.0858073,1.4502095,0.9285815,0.0,-1.1197535,14,2.0853443,0.65184975,20.790949,0.8965669894637283,0.019266555689801755
3950102317148387456,182.5313942531141,18.51817822155399,0.0382397973487276,-1.6801579543084244,-2.097324008552127,0.02806158,0.024201676,1.0328407,0.25593203,0.8156318,17,1.2467223,1.3034554,14.753203,-0.0008891292071246,0.02466502789817759
3950102347212305920,182.53720735514773,18.51724279889655,0.1378563700075987,-1.8054964616651443,-1.7024602317826911,0.79411227,0.5567085,1.0140362,0.0,0.3354998,17,1.5133713,0.657114,19.999084,0.3242340083561978,0.027603233980448186
3950102347212309760,182.54508320064983,18.52280473904074,1.263567536240248,-1.7597471577145127,-2.615042177282936,1.0758487,0.74605566,0.9577856,0.0,-0.8344964,15,1.2038912,0.62771606,20.288002,0.0167373372784072,0.02778116253210321
3950102347212310656,182.54669374142748,18.524582368741328,-0.1784568771384578,-1.7354485884818447,-1.5933373514392986,1.0710596,0.8016113,1.0028778,0.5181718,0.09086239,14,1.2217386,0.5044899,20.144714,0.0421700852180273,0.027820717024998498
3950102347212311552,182.5438515626043,18.525464520067167,0.1111199157297744,-1.609827596175638,-1.8049378118437485,0.24393362,0.22334737,0.96009207,0.0,-0.92958415,17,1.2267166,0.92407036,18.748995,0.0166988540109387,0.02507595480200817
3950102347212312064,182.538650417046,18.526508689408445,0.4432155099325932,-2.067561783533941,-2.615275539264056,0.6858239,0.4611009,0.89698756,0.0,-2.2912183,16,1.1191206,0.8984356,19.82856,-0.088677557269392,0.020647386986581476
3950102347212337792,182.5348964525595,18.529906529223435,0.070712731717109,-1.8867510444244653,-2.1059747445422703,0.08840899,0.08027093,0.9456199,2.3602946e-15,-1.2941309,17,1.1387651,0.07034111,17.134714,-0.0181301624235894,0.015626637792120906
3950102351506920448,182.53852791041544,18.51848209115907,-1.0595052102595148,-1.3412637133378174,-1.9264781477636987,1.0898896,0.84463435,1.0165364,0.9439734,0.3697693,14,1.9383161,1.6473866,20.381435,0.6500380866664011,0.02713109648463252
3950102351506920576,182.53554619594888,18.519861007971823,0.1917625999552546,-2.179984113658876,-2.5807868483585468,0.62662196,0.530111,1.0361795,0.24603805,0.8584367,16,1.221009,0.71982574,19.914606,0.0274242161095856,0.02452258585500023
3950102351506933632,182.5328978772181,18.528706963945645,-0.2636784254877269,-1.5490687237586034,-1.8344614115250308,0.26478046,0.24347742,1.006621,2.3441832e-15,0.18786702,17,1.3322138,0.8967285,18.881355,0.1245618993630683,0.015462253137701871
3950102351507084672,182.53643716347,18.53095877780284,-0.5740946904003895,-2.4377482361674363,-2.1052008116685457,1.0711707,0.7769627,0.93353677,0.0,-1.3145484,15,1.131642,0.50406456,20.253496,-0.0479024169998727,0.015897084507745362
3950102351507087616,182.5434211837435,18.528656412065207,0.0143102406252856,-1.366397905088861,-2.580552822857136,0.5681565,0.42143023,1.066143,1.4121768,1.4872303,16,1.1249496,0.71525764,19.561869,-0.0683014005516629,0.022746238139203255
3950102351507089280,182.53868028081865,18.5314986049988,1.73448734794989,-1.5205655407902745,-1.5839001443316354,0.93251395,0.6312371,1.0673685,1.3222976e-15,1.4632572,15,1.1258307,0.7295265,20.136734,-0.068467958347631,0.01724614102483049
3950102351507240448,182.5374675411393,18.531034386894845,0.7284296253925759,-1.3002650592869232,-2.7713054542582976,0.7979653,0.5625638,0.89208275,0.0,-2.4585958,17,1.2972878,0.5141411,20.032734,0.1171685737033623,0.016603742133391285
3950102351507348864,182.5421678456736,18.52833443347549,0.9477721502899018,-1.506023169430704,-1.7824455296036197,0.96888626,0.8091963,1.0043122,0.0,0.12470261,17,1.2443601,0.57520294,20.420538,0.0605843787349245,0.02194271253760215
3950102351507485952,182.53657373484256,18.525524096748462,-1.1122751516639338,-1.5743798711948171,-2.32096881905024,2.0843322,1.3212177,1.0838675,0.56762403,1.5878158,12,1.5473747,1.1404514,20.740965,0.3169544120953633,0.020134714454391762
3950102351508126592,182.5357510544101,18.52151613702637,0.0096923575823295,-1.792671096064024,-2.0359568411292845,0.108448215,0.093502,1.021071,0.20442712,0.543173,17,1.1391367,0.006937027,17.417114,-0.0154591305207283,0.023133824008392326
3950102351508223104,182.54165987778885,18.530180094278148,-0.0121826200811025,-1.751756336472074,-1.932297516322044,0.0747329,0.06691893,1.0186279,0.44059324,0.47201705,17,1.15488,0.21138954,16.74521,-0.0080613626426864,0.020426984584431138
3950102351508284416,182.5315743871914,18.527783867519663,-0.2316484916636898,-1.3068851012454243,-1.4908108919737502,0.8825424,0.706634,1.0637064,1.7027285,1.3216363,15,1.3615845,1.0575027,20.006939,0.1393274441704466,0.015662726124174277
3950102381572045824,182.51499365604533,18.52015049560216,0.2637276650924341,-1.983000448029632,-2.4058225659702503,0.58149415,0.4131093,1.0041467,0.22541071,0.12372924,16,1.1627363,0.8863468,19.658503,-0.044030346502961,0.024031807293054697
3950102381572049408,182.51459339335588,18.52377240953092,-0.0879590923155605,-2.428966487268607,-2.487453379111777,0.66753286,0.4715503,0.979324,0.0,-0.43609416,16,1.1318085,0.7069664,19.814844,-0.0608405825578977,0.020989104701108204
3950102381572080640,182.5226403112476,18.52698993910015,0.3459640954885488,-1.608443861631207,-1.962202404920956,0.21059673,0.18400446,1.0115688,0.0,0.3018514,16,1.3407005,0.9165745,18.497635,0.1313362914927989,0.015194408814606536
3950102381572174592,182.5071538802769,18.52316381538608,0.0328431778018499,-1.8830653709649,-2.857188067671649,0.6761545,0.44799283,1.0228481,0.39968094,0.53782874,15,1.338483,0.66677856,19.74526,0.1486793936198804,0.025947752118084214
3950102381575475968,182.51885743676087,18.521912080601147,0.222715294605743,-1.9627680598208608,-2.6294124429153527,0.62860686,0.50839007,0.9626688,0.0,-0.7800867,14,1.1447704,0.78474426,19.684357,-0.0537211882800392,0.02100608456904011
3950102381575708032,182.516906892202,18.53076296207168,0.0423573699278951,-1.4462114971181748,-2.133874488024934,0.13020338,0.14673172,1.0046527,0.0,0.14008346,16,1.2389235,0.9825554,17.894466,0.023680629018483,0.013848083449800723
3950102385866656000,182.5132731502592,18.52430177869147,-0.0853834263775723,-1.700750644320364,-1.8371494855788493,0.14535873,0.12986617,0.9725023,0.0,-0.64238495,17,1.2025994,0.9660263,17.993767,-0.0111442948797553,0.02123078053979599
3950102385866657536,182.51091458378508,18.52750930599908,-0.4140800224836224,-1.3363703740666415,-2.0183963225541985,0.5984949,0.42229185,0.9907141,1.2813496e-15,-0.17623626,15,1.2588403,0.8435154,19.670937,0.0556488471737075,0.02020839336949037
3950102385866657664,182.52219875278087,18.523058136029142,0.6161853438191772,-1.7141247612646218,-2.1774361067468964,0.6525242,0.5366368,0.9199735,0.0,-1.7843908,15,1.1097345,0.70965576,19.813782,-0.0831092684212673,0.019147877080064726
3950102385866657792,182.51636322969875,18.52599803864437,0.2457948291773715,-1.8389732264044067,-2.7714969092874444,0.5798707,0.46071318,1.0176276,0.0,0.39816034,14,1.1294591,0.7065506,19.486605,-0.0631599297960836,0.01818396459696506
3950102385866658048,182.51947914733208,18.524642554591026,2.175749703091556,-2.107648523752321,-2.251648196425059,0.83647144,0.7253588,1.0040014,2.7540726e-15,0.114832655,15,1.6677711,0.7415447,19.994709,0.4725785332230479,0.01821430002241507
3950102385866658176,182.51072429872525,18.528686248954266,-0.7073805619903224,-2.26933969828796,-1.8754921412430896,1.0106488,0.7011275,1.0509183,0.77656204,1.1163806,15,1.0605927,0.73104286,20.278204,-0.1338181663358244,0.01952054337855077
3950102385866977408,182.5140771429897,18.52815973667626,0.947385340059239,-2.036290208765025,-2.826656738068225,0.99577683,0.7789145,0.9032149,0.0,-2.098281,15,1.0577966,0.6810913,20.25425,-0.1330066440667088,0.01763127034953306
3950102385867003264,182.51502809375063,18.523076212557893,0.11145937095809,-1.229845985314155,-2.2451711928215667,0.85068643,0.59425956,1.0447932,0.62192863,1.0026475,17,1.1500579,0.66984177,20.049427,-0.0399583601089994,0.021390386752007662
3950102385867003648,182.5177025868041,18.52381899540011,0.0829860686022032,-2.0806786993482147,-2.0474749729910355,0.9841899,0.78416187,1.0436695,0.4482424,0.9372617,15,1.147669,0.76039696,20.18748,-0.0489468200532501,0.019590843973989653
3950102385867086336,182.5194041338256,18.530682476750908,-0.2967686077858466,-1.9787680320067804,-1.3272818993417328,1.2297646,0.96039593,1.056366,0.0,1.1850165,15,1.5889437,0.7074604,20.454725,0.3962588960886268,0.012625373290947295
3950102385867863424,182.5124669669445,18.52050571376224,0.0034470110567968,-1.583891165247277,-2.2384519322848435,0.108211905,0.09345786,1.0838854,1.1242276,1.9864968,16,1.2149628,1.0089607,17.362171,-0.0027111386662685,0.024881343581919627
3950102385867864064,182.5218679671993,18.52213355934104,-0.1299162770590822,-1.8337058733598184,-2.1639363966112684,0.12961237,0.11834712,1.0421883,1.4075104,1.0534811,17,1.2159737,0.9699631,17.740992,0.0018745316705508,0.020111814784366914
3950102385867864320,182.5168728133114,18.52545242049701,-0.1446569948551523,-1.4655197717267507,-2.02493005999497,0.24004011,0.24747258,0.9508295,0.0,-1.1322184,16,1.1984483,0.99181557,18.683537,-0.0176420954385447,0.018435659762511956
3950102385867864704,182.5214417711041,18.52670680452505,0.0181928679910008,-1.4471389575010591,-2.01458584417819,0.29016066,0.25255904,0.984581,0.0,-0.3411527,17,1.218179,0.9274483,18.99014,0.0078655319470142,0.01570168209813318
3950102385867864832,182.5154981144876,18.53001544128312,-0.1228257194107287,-1.7077825569294192,-2.0839377123761613,0.07576515,0.08330197,1.0279849,0.0,0.70075583,16,1.1795272,0.4759922,16.924314,0.0017790375437276,0.015294295535567819
3950102385867865216,182.5178211173705,18.53045503335106,0.0460848036817309,-1.748634535541159,-2.208546844721322,0.11771758,0.13396788,1.0446489,0.5783178,1.0951225,16,1.2836515,0.9801483,17.678204,0.0686280400919927,0.01359494798568763
3950102385868273536,182.51725707250827,18.518355852373023,0.7042722202034446,-1.3002756455228848,-2.0689486979447818,0.7281862,0.50922924,0.97982347,0.0,-0.42576295,16,1.3184525,0.6277771,19.812029,0.1312945870804449,0.024879683341002993
3950102415931813248,182.52295800982665,18.53096646683456,-0.0672649678897177,-1.6473829451479596,-2.0296800900764698,0.06906744,0.0649993,0.9860422,0.0,-0.32098034,17,1.275213,0.50751305,16.860928,0.0954727870504783,0.011220899160984246
3950102415934136192,182.53367903936493,18.53633052608554,0.0468486437814041,-1.5924387098599178,-2.277502258182796,0.06848082,0.067189544,1.0509938,0.44712323,1.291905,17,1.3226498,0.57920074,16.802475,0.1386244235120299,0.010366709157906311
3950102420226399488,182.5258105528612,18.52694900315443,-0.5776673742868244,-1.352685627868136,-1.8417786418698343,0.5175514,0.35214382,0.9973258,0.0,-0.032634538,16,1.1411257,0.80545807,19.453459,-0.0589947999915716,0.015072806705658857
3950102420226399872,182.52261712021533,18.52883363981895,-0.1106168095658438,-2.3149620805095568,-2.301817369829553,0.8669912,0.5396181,0.98466367,0.0,-0.310241,15,1.3173337,0.6866684,19.927923,0.1261368003414507,0.013380252482125883
3950102420226401152,182.5242801228531,18.528793337454704,0.160003144851082,-1.93055963318026,-1.9044200228752883,0.6754836,0.48683637,0.9634361,0.0,-0.79284394,15,1.0951109,0.71721077,19.797361,-0.0982826255180178,0.013226267753678354
3950102420226402432,182.52184712069487,18.53090265502053,-0.1130772485716089,-2.229901747775055,-1.4872467491462904,0.64358497,0.5556406,0.98316205,0.0,-0.34938428,17,,,19.9679,,0.011536538194196413
3950102420226405248,182.5195998759836,18.53308859532711,1.7458903000940216,-1.2201090791807387,-1.4084080521281774,1.2103484,1.368998,0.9108732,0.0,-1.5129756,11,,,20.360119,,0.010419907515738982
3950102420226405504,182.5187565361262,18.53387686693834,0.1582227019969374,-1.2546966612122668,-2.5779229818035034,0.6100365,0.5049549,1.0299494,0.0,0.6910935,16,2.0307517,0.7416401,19.770004,0.8355519955252353,0.01024529803768215
3950102420226406784,182.52430406784288,18.53112392345324,-0.1993243294269555,-2.317246703576879,-2.0390102157066607,0.6227804,0.4410442,0.9145079,1.251196e-15,-1.9414363,15,1.316357,0.6148529,19.696564,0.1300502883718666,0.010898319256579933
3950102420226407296,182.5293102546429,18.529174161201627,-0.1349088435662931,-1.570035582817274,-2.274673370797172,0.83466756,0.7093641,1.0536566,0.18658447,1.1124395,15,1.0989321,0.8440876,20.018684,-0.1043062900055715,0.013530721930792204
3950102420226408320,182.52504181889017,18.53182860526669,-0.8809217180388992,-1.856083713299346,-1.5921954593662626,0.66390973,0.46738747,1.0383689,0.58695203,0.88565975,14,1.9781266,0.70586777,19.653616,0.78555689548066,0.010171480700489498
3950102420226408832,182.5224667168251,18.533219310796017,-0.2736213905655308,-1.0575140719009095,-2.371656646939199,0.41575813,0.3119943,0.95699584,0.0,-0.91658723,14,,,19.188158,,0.009138819756466915
3950102420226409856,182.52856992654367,18.530361953518977,0.2511397145363074,-1.9069542145647729,-1.5782793154702686,0.7301694,0.5774475,0.96088547,0.0,-0.79608214,15,1.618444,0.6565857,19.942389,0.4293429290079418,0.01217326995599937
3950102420226410624,182.53162976765523,18.52927663220493,-0.414940648460624,-1.7281394050119527,-1.5702305999512514,0.6388499,0.49151546,0.99317485,0.0,-0.121874854,16,1.4028544,0.7646885,19.70589,0.2059110210927368,0.014347052213293346
3950102420226411392,182.5302743875577,18.530681976370552,-0.004282604130147,-1.079648531245713,-2.199186786993074,0.539792,0.38915178,1.0055728,0.0,0.15374157,15,1.8455902,0.6628895,19.449589,0.6560555654758635,0.0124866658073985
3950102420226416512,182.52704759350087,18.533473159324856,-0.2189281083456123,-1.384099675258328,-1.8252257345681808,0.2387692,0.25091708,1.0198439,0.0,0.51473767,17,1.3198678,0.9364891,18.910868,0.1087591644394827,0.00876924461080226
3950102420226418816,182.5243705529394,18.534993343727702,-0.0151239974783785,-1.0918364184258282,-1.589290571140591,1.0990112,0.74545646,0.8818105,0.0,-2.2796984,14,,,20.168798,,0.00703487282900485
3950102420226419072,182.52566103802167,18.53448030663489,1.0614445971387156,-1.6878393499246147,-2.916436310796055,0.5895164,0.45729727,1.0844328,0.0,1.7982152,15,,,19.656147,,0.007548692573643605
3950102420226472320,182.52200136620365,18.539147261314287,-0.0082070647604224,-1.7869717440810355,-2.0971890583176704,0.04413147,0.04139937,0.9607229,0.0,-0.9412819,17,1.274392,1.1234255,15.965118,0.0456806495756851,0.004138831073334076
3950102420226485888,182.5276948935267,18.53791224986787,0.1736360350378072,-1.8746157066013915,-1.7804910779118408,0.23148583,0.23971096,0.990092,0.0,-0.22428486,17,2.1503155,0.7744465,18.803982,0.9526224264331968,0.00489613646286225
3950102420226494848,182.53015856852056,18.53671643154254,1.0824058450469043,-1.1492943597583694,-2.408886086751564,2.199209,1.4688894,1.1194259,1.0242591,1.9091624,12,,,20.743803,,0.007384234884262209
3950102420226561280,182.5345239230336,18.53175147615053,0.0438606515374561,-1.8199407609693927,-1.840750461875276,0.5108812,0.36195767,1.0315286,0.06627275,0.7298171,15,1.2978241,0.7382126,19.395285,0.1028804230184154,0.013990616535479714
3950102420226563968,182.52093496289524,18.53841394927335,0.9133756985489307,-1.8407635097738595,-1.643723016789414,0.47836402,0.37693027,0.9614627,0.0,-0.88636243,16,1.6361583,0.58712196,19.490963,0.4516345742812981,0.00542072748597745
3950102420226568320,182.5319839789406,18.535091028627228,0.0366148653254339,-1.6934988338647576,-2.488911585552607,0.48763993,0.3787185,1.0540265,0.9242408,1.1893091,15,1.6480595,0.7931652,19.347359,0.4489093463537907,0.009823942552371458
3950102420226568576,182.5283163174617,18.53689231135053,-0.0660325999347487,-1.84578424440158,-1.83989439716264,0.10477803,0.10631733,0.9709299,0.0,-0.68958426,17,1.3636851,0.94464684,17.595877,0.1518543709764088,0.0060898641074066135
3950102420226572544,182.53153373170105,18.537413234167225,-0.0015498400114464,-1.7040717671040566,-2.10257496364438,0.07033297,0.06704614,1.0360903,0.5235388,0.9116693,17,2.3291867,0.97404003,16.759212,1.1147183548932131,0.007982986330058775
3950102420226572800,182.53051363019927,18.537017978781662,-0.7791328399360633,-1.5257014294557822,-1.5010803058504727,0.57669044,0.46193993,1.0304247,0.08075021,0.72335815,16,,,19.719402,,0.007431060045119938
3950102420226576128,182.5321383203549,18.53692094489106,0.0199536688030614,-2.236967893338712,-2.302454280372288,0.5215745,0.4315526,1.0115623,0.0,0.2986273,16,1.6027449,0.6253052,19.58841,0.4157507778641498,0.00876084575191196
3950102420226577792,182.5326028618641,18.53726137470987,-0.1596773619126289,-1.7931767015728075,-1.7235287768735736,0.6975498,0.54020405,0.986136,1.2368962e-15,-0.29029778,15,,,19.894032,,0.008958687301420923
3950102420226585344,182.53121474073555,18.5401274463638,-0.1303551672513918,-1.6616483807885878,-1.8442691619769007,0.15086143,0.15382873,1.0481508,0.38439524,1.203098,17,1.353301,0.8548775,18.153782,0.1491733157986245,0.006490721033173223
3950102420226745472,182.53549722398265,18.53586864225084,-1.727759050456808,-1.7268784010719784,-1.7848059480240823,1.2614462,0.788773,1.0511916,0.7974381,1.0362756,14,1.5313158,0.5270119,20.202452,0.350450503334681,0.012156696063894502
3950102420226968960,182.5166718295216,18.53418910629468,1.151768359390699,-1.6535386316920362,-1.9838409153664824,1.9702815,1.4774122,0.94479305,0.0,-0.8088901,13,0.77808136,0.05975151,20.726469,-0.3784118047273292,0.011417901908538954
3950102420227273472,182.5253900872203,18.53305333397121,0.7082450736253856,-1.298222126031512,-1.9382826709916856,2.1935484,1.4605061,1.0893316,0.9080972,1.5386163,11,1.5982553,0.6403675,20.653927,0.4102559037389037,0.008955166166530002
3950102420227605120,182.5273700330292,18.52995518956338,0.0227791576861584,-1.771560676429043,-2.0875832362799183,0.09976045,0.09146748,1.0169826,2.3977948e-15,0.42958826,16,1.2640476,0.98924065,17.35562,0.0481934185645156,0.012275769426540767
3950102420227605632,182.52245972451624,18.53286832802899,-0.2645200998560766,-1.4803220847936958,-1.871067409820756,0.19360824,0.18860227,1.0480578,0.5426756,1.2325934,17,1.8461078,0.89694023,18.501211,0.6384377698749724,0.00947841930490509
3950102420227605888,182.51745755588496,18.535235162789096,0.0773494898534884,-1.9658388206385964,-2.8024173732351385,0.54940605,0.43487927,1.0337607,0.6014512,0.8088664,16,1.5154539,0.49987984,19.65572,0.3361465859818109,0.01013170694989959
3950102420227606016,182.5205600168876,18.53450322829904,0.0446043389280327,-1.7153297229785156,-2.2391764036928903,0.07798179,0.07035895,1.0430381,0.0,1.0757083,17,1.2062615,0.4908123,16.997627,0.0275503637720675,0.008712923503323604
3950102420227607168,182.52799150303736,18.532932205625706,0.053962749366749,-1.4548833486917097,-2.2442514561104208,0.10476467,0.10415171,0.94149953,0.0,-1.3953025,17,1.2881626,0.96676064,17.570034,0.0743526735728838,0.00954850696376091
3950102420227640704,182.5264436410511,18.53716521889308,-0.0031066406684378,-1.7155588745848058,-2.055948613985836,0.06784474,0.06308588,1.0996612,1.7732763,2.4453406,17,1.4662904,0.45758247,16.638193,0.2897187111483505,0.00504571182651377
3950102420227656960,182.52926572428623,18.539181352792315,-0.0713890386348299,-1.8285889088249527,-2.083208127577186,0.07480802,0.07314016,0.9545782,0.0,-1.092067,17,1.2848558,0.2863369,16.964752,0.1181792770603249,0.005112844195504964
3950102420227701504,182.5344888636428,18.53535937710085,-0.0161141626044948,-1.6098763534837868,-2.0188867162400235,0.03468079,0.032386024,1.0525935,1.1075978,1.3210138,17,1.2444621,1.2086754,15.344237,0.0070262420604914,0.011581727233886145
3950102420227701888,182.53164764023865,18.5376706253517,-0.0903721568857554,-2.34593289398539,-2.2820660785243008,0.06820438,0.06596625,1.1173787,0.69622976,2.8767054,17,2.4010494,0.9248924,16.708685,1.1909597576373727,0.007933133402869852
3950102420227702400,182.53386600934056,18.537266695437577,-0.1165463824062035,-2.052341989410768,-2.188469132950015,0.0887146,0.086101346,1.0379618,0.25850892,0.97783905,17,1.3973719,0.99178505,17.260435,0.1812843068254077,0.010050387739157483
3950102420228012288,182.5282824808189,18.5260383463912,0.4518137141889286,-1.4437291440709348,-2.7294917230274143,0.59367794,0.43070292,1.0077696,0.0,0.20014147,15,1.4387861,0.79142,19.598577,0.2397728424744301,0.01629567630550199
3950102484651389184,182.4909897289184,18.52269018725288,0.3102624900122658,-2.0758525189875257,-1.679272937099256,1.3676175,0.8574247,0.9521483,0.0,-0.91131896,15,1.1656492,0.6311569,20.595976,-0.0217334172046936,0.03910968431696531
3950102484651391104,182.4977333460044,18.525765648874856,0.9069914087376928,-2.2932398311623268,-1.4713843435795202,1.1657588,0.71969634,0.95400167,0.0,-0.86702037,14,1.1228658,0.58340263,20.25994,-0.0614233217921758,0.03173365053962222
3950102488946450816,182.4927601351453,18.528964685989536,-0.6866686560060754,-1.733646720072472,-1.4564562013907285,1.4970032,1.2798735,1.0906786,0.86431664,1.6012831,15,1.4416282,0.59669876,20.715145,0.2564954502027816,0.03477539787266034
3950102488947078912,182.4973437612559,18.53002770070778,-0.1973088953629184,-1.864022725605745,-1.9862524731000504,0.06948961,0.06445477,1.0341525,0.12185082,0.86176586,17,1.2081023,0.52765656,16.998222,0.0271992861005936,0.030136414713983525
3950102488947544192,182.4945107561913,18.52609470608929,0.1631224528229138,-2.4215810189584808,-2.040013713079522,1.1325231,0.8078721,0.9895678,0.0,-0.20067845,15,1.2150548,0.6300888,20.476341,0.027743289076711,0.03438854987366456
3950102519011002240,182.46288816140063,18.52346218199595,0.1076857310302369,-1.938196546692436,-1.4169658724852416,0.41568816,0.31398633,1.0143652,0.26880747,0.3473476,16,1.1236771,0.8901348,19.331736,-0.0834117139556045,0.06481921929911352
3950102519011003520,182.4783951340453,18.525232229507147,0.1103350865002438,-1.8737459013882871,-2.312555778477537,0.13057016,0.11561419,1.0511202,0.0062520267,1.2890501,18,1.2079518,0.9629364,17.994135,-0.0055135916709021,0.04952950290441507
3950102587730483584,182.51040831228107,18.53086668836066,0.0735986598804053,-2.098652961788592,-1.8330515327478456,0.21828464,0.21655855,1.0224091,0.0557205,0.57236,17,1.3404751,0.82302475,18.738546,0.1389495935878717,0.018353963565005918
3950102587730482816,182.5050446073531,18.53106284329588,1.395688755909098,-1.6008217908190845,-2.329908149183672,0.54364663,0.41493237,1.0505778,1.3147337,1.1943185,16,1.172681,0.73349,19.581453,-0.0219113030430313,0.022756078143259254
3950102420227699968,182.5310392182624,18.534873082080573,-0.0076764917313013,-1.6369338519181709,-2.044278287066594,0.034610655,0.03291328,1.0412554,0.60667133,1.0454836,17,1.2395698,1.1998167,15.402133,0.0030598253455267,0.009341579965466168
3950102587730507776,182.5116878414096,18.53301051976085,-0.0380940956630851,-1.572631280788047,-2.028842239174531,0.08489619,0.08403726,1.0491208,0.70945406,1.2400709,17,1.1343281,0.048683167,17.137348,-0.0217525260439543,0.016063135475551434
3950102587730611712,182.5019640201353,18.535999295433825,1.386578811668963,-0.9688435771858712,-2.048655499251919,0.91250384,0.8688723,0.9457474,0.0,-1.1717615,16,1.1804203,0.6284332,20.428911,-0.0067811652033966,0.02380472271668203
3950102587732824064,182.5072910896493,18.53337886151304,-0.050771649754636,-1.6984784251319065,-2.0761850926042134,0.06817028,0.067660384,1.0468676,0.0,1.1848372,17,1.1902181,0.66640854,16.817055,0.0004401334834764,0.01969592685355815
3950102587734137088,182.5054525556153,18.538896651283444,0.6624099447546371,-1.1405020974683882,-2.2895424615659503,0.75953597,0.5133838,1.025297,0.0,0.5801718,15,1.5898036,0.7441044,19.87896,0.394419291864766,0.019792254930387766
3950102587734401152,182.5075734060791,18.53533496146627,-0.0626396591385287,-1.7050784773986312,-2.03053796546843,0.089784645,0.086158365,0.9370165,0.0,-1.5427653,17,1.1499674,0.046308517,17.297413,-0.0060257485766326,0.01865767708853824
3950102592025089792,182.5093827441901,18.53197838230458,0.2078209485815719,-1.8174582615643893,-2.2752091347140664,0.5936181,0.45701885,1.0002304,0.0,0.034174196,16,1.0894411,0.6441002,19.807602,-0.0988100885366083,0.018556171487272226
3950102592025091840,182.5102858501365,18.534410700148488,0.0538254493807183,-1.6746835614187665,-2.1760325316654443,0.09436565,0.08477679,1.0544924,1.2022023,1.339322,17,1.2127682,0.06328392,17.18326,0.0561417107640767,0.016556076782907787
3950102592025092480,182.51235055224925,18.53355489433834,1.1507471375492346,-1.825120510598644,-2.536016391992636,0.5237997,0.46959904,1.0405065,0.0,0.9620515,16,1.3902683,0.6399002,19.622742,0.2023003513690611,0.015209481846395607
3950102592025096320,182.5103245492928,18.53650162028166,-0.5209982313102972,-2.360320023051626,-1.6830886563586156,0.42470205,0.34670585,0.99602777,0.0,-0.06434859,16,1.1824808,0.8271885,19.408615,-0.0193808790178102,0.015671663376521785
3950102592025098496,182.5046558597936,18.5396902542826,-0.1673186937541775,-1.483953988208845,-2.3319670520200533,0.5904692,0.4244263,1.0605301,0.65899104,1.3856436,15,1.6266956,0.7433548,19.622984,0.4313674917625083,0.02047483738683829
3950102592025971840,182.505029721588,18.5413205640566,0.1576582504414724,-2.255648733640392,-2.3260315796643707,0.94318247,0.8470236,1.0032802,0.0,0.09979924,15,0.89018995,0.7884865,20.367506,-0.3085936839026316,0.01998183307543842
3950102592026293888,182.506495830946,18.52601624897976,0.0661085788779364,-1.7040101751722194,-2.1034595098505835,0.054482285,0.05278927,1.0166858,0.22157668,0.4322632,17,1.225428,1.0976591,16.297411,-0.0007296229373825,0.024451678246215986
3950102592026295296,182.50827465798216,18.53457570547381,0.009700951300081,-1.7026854039581294,-2.1305321321533226,0.062285118,0.058806844,1.030099,0.0,0.7702009,17,1.2305387,1.057723,16.615713,0.0082605126277206,0.018299104208285608
3950102622090240896,182.5168760407444,18.54809818817277,-0.0041641113885688,-1.7110475304918256,-2.1142498023550567,0.022215292,0.020123377,1.0188525,0.0,0.4954451,17,1.2604152,1.3811884,14.354553,0.0041047945433878,0.010158081166113279
3950102622090244096,182.51918319019904,18.54321801461111,0.0979123326962827,-1.6744930622148295,-2.383701869996214,0.21127473,0.18669982,1.02183,0.0,0.55408293,17,1.5674632,0.82605934,18.51704,0.3656928059272457,0.0059429652408067675
3950102622090249856,182.51015336159148,18.54466291210202,-0.0077223772164085,-1.595146926683234,-2.16748117280786,0.18944304,0.2135378,1.0173266,0.0,0.4444348,16,1.1963121,0.95658875,18.47341,-0.0165835016493314,0.015083559689166788
3950102626384840448,182.51414723553128,18.536887239332387,-0.4141975598768587,-2.265861003862191,-2.080680233863254,0.4788857,0.43650162,0.92878926,0.0,-1.6080812,15,1.2474571,0.9272213,19.531694,0.0371635282282232,0.011996783663044063
3950102626384845568,182.5159551482093,18.537413133346952,-2.4772536188324974,-1.7294601465748212,-1.326833245195436,1.3150157,1.5278231,1.0242811,0.0,0.43530387,11,,,20.383251,,0.010141434297422267
3950102626384845952,182.5115281840033,18.53985374761912,0.1852357062815736,-1.9247667729600229,-1.939149299315429,0.5213806,0.4643098,1.0357426,0.11002589,0.7947697,15,1.3486146,0.7595005,19.528362,0.1520670371206294,0.013641709039971962
3950102626384847872,182.51861813526784,18.53747474798641,-0.0765618859605289,-1.7868993542721232,-2.0235733968349785,0.1959141,0.21284072,0.96604663,0.0,-0.78587914,15,,,18.459724,,0.00782343295786122
3950102626384851072,182.5148846502036,18.54027816733552,-0.4786842728752722,-1.5210096547834788,-1.7220732844079751,0.4951325,0.44655672,1.0264446,0.0,0.62078816,14,1.8410724,0.8070755,19.511013,0.6408234370526662,0.010260848367843602
3950102626384992128,182.5173680721149,18.539500076254782,-0.2851830201130647,-2.0413161870483965,-1.5315599134391316,0.62482893,0.5753816,1.0615369,0.8109446,1.2034475,13,,,19.70814,,0.00803093655656043
3950102626384994688,182.5191341074492,18.53991879698736,-1.423917392612943,-1.7573932529787206,-1.812957324906048,1.5296288,0.86929125,1.0081117,0.29564425,0.18083102,11,,,20.350677,,0.006224154673329911
3950102626384994944,182.51529372952368,18.541568045480737,-0.2161444618779948,-1.0529751943881025,-2.5439212573417684,0.5716589,0.5244223,1.0299853,0.0,0.6815322,15,1.313548,0.7306423,19.708824,0.1191667906603424,0.00971587727723887
3950102626384999808,182.5176178427764,18.54201311595731,1.3921631110375712,-1.9474164742971167,-2.646834124727714,0.46397176,0.3589553,1.0045725,1.2299276e-15,0.13443272,16,1.3138889,0.92292976,19.462317,0.1039708381530564,0.007382168875238291
3950102626385000576,182.51259461671668,18.544461592138045,-0.5078907053987717,-1.73412487571875,-2.6010951932998503,0.8037579,0.6425975,1.049081,0.30398986,1.0884597,15,1.7090659,0.5867138,19.978477,0.5245679723675263,0.012647251490352342
3950102626385006080,182.51866021427733,18.542779181695835,-0.3947806570211404,-1.359877237220444,-1.7103109498384972,0.7928163,0.5954356,1.0650309,0.05632127,1.326501,13,1.9886485,0.59025764,19.844349,0.8039261489739642,0.006387488326762943
3950102626385007360,182.51773685070185,18.54410647790872,-0.5426810527523318,-1.4592644664479806,-2.0549228108996576,0.20572849,0.1898828,1.1097062,1.4131691,2.6588514,17,1.4383526,0.9456768,18.473383,0.2264303938298264,0.0075624458283810305
3950102626385007616,182.5170429747981,18.544042840357825,-0.0616382716450594,-1.7471855777087153,-1.9915089228101224,0.07848475,0.073121354,1.0269623,0.48566458,0.6709279,17,1.2819743,0.33626175,16.970415,0.1126084443804116,0.00821507436310145
3950102626385010944,182.5158969673024,18.54544472810235,-0.1003117566131618,-1.8066262845252727,-2.16073708694996,0.10166753,0.09877734,0.9954572,0.0,-0.08597479,17,1.1390061,-0.03208542,17.522314,-0.0143035395337574,0.009733003441517835
3950102626385013888,182.51678159644,18.54611377380212,0.4604531495020372,-1.3074547589400811,-2.3528581562434177,0.4888748,0.38979468,0.97421235,0.0,-0.5778196,16,1.194384,0.87246513,19.573639,-0.0112102792405852,0.009190500093569854
3950102626385014656,182.51544489415005,18.54680097945585,-0.1006768467803775,-2.014451248027653,-1.971123159748868,0.35645375,0.28562993,1.0259765,0.09395594,0.6254913,16,1.3289121,0.8930721,19.121328,0.1215728072239663,0.010693430298053001
3950102626385026304,182.5207468955478,18.54711890699924,0.0396489956783418,-2.0700175163770163,-2.3676551928712555,0.6296965,0.42399788,0.9881051,2.4832162e-15,-0.2437055,16,1.6385123,0.7913456,19.644234,0.439504873745584,0.006655231502225831
3950102626385026816,182.51768088948373,18.548496038306183,0.0241049525935865,-1.7493669680253303,-2.4209337512054523,0.6870139,0.44024557,1.0879188,0.45526567,1.8377427,15,2.7821472,0.6377487,19.619314,1.594323825690158,0.009786107112885422
3950102626385027200,182.51930307335195,18.54797124506985,1.1106069579705329,-1.473728867642864,-2.418196608678333,0.5162906,0.41355756,0.9782011,0.0,-0.48270538,16,1.5328332,0.7414818,19.632576,0.3376453389550029,0.0082529231740951
3950102626385032960,182.5204245226466,18.54895371792123,-0.5203498961455881,-1.792333353768112,-1.860171778462659,0.41930655,0.33801466,1.0542672,0.12523407,1.2672468,16,1.3386728,0.90387154,19.322409,0.1304076194936727,0.00832401261048208
3950102626385044096,182.51798796926653,18.5519775907294,-0.3267340732289413,-1.3852218370310885,-1.4092699640214734,0.6305425,0.4450184,1.0099516,0.1027344,0.25158617,15,1.9215931,0.70274925,19.66535,0.7292482300909777,0.01219511753820437
3950102626385149952,182.51755446964023,18.545119897983845,0.2175914051891136,-1.7727173646212615,-1.69445591135145,0.6778661,0.5149133,1.0193722,0.0,0.46240693,16,2.0229344,0.3940735,19.892712,0.8502533277923456,0.008072774353833672
3950102626385150336,182.5123969557411,18.54792403041576,-0.1774023654292161,-1.106897301311004,-1.6452732459861903,0.7872678,0.5908982,0.9441501,0.0,-1.2205825,16,1.5329838,0.48272324,19.990944,0.354800028474542,0.013925906109065914
3950102626385175296,182.51865197975468,18.54010316611844,-1.554092452734678,-1.720250318797917,-2.870045037131536,1.2699572,0.90675604,1.0536649,0.0,1.0552293,13,2.259939,0.8512459,20.34676,1.0561115198053703,0.0066253558251100145
3950102626385238016,182.5198379095323,18.543101413131243,-1.183260503069804,-1.336888283701032,-2.26531068328744,0.69873065,0.5571983,0.94275445,0.0,-1.1948258,16,2.6677365,0.4619522,19.90792,1.4908875438245668,0.005278284653413259
3950102626385398144,182.51419113932064,18.53866295702764,-0.4717221555236045,-1.0636509209950404,-1.794286894702016,0.99308884,0.9888149,1.0365511,0.0,0.7495022,15,2.6182055,0.9230881,20.365393,1.4082736049615,0.011312264361534177
3950102626385421312,182.5162946853605,18.549658335845645,-0.9778009357030474,-1.4565671982358133,-1.4757779576493038,1.269914,0.7913263,1.0099467,0.030081732,0.23685332,14,2.4218967,0.6851063,20.388348,1.230810293271903,0.011594507790225625
3950102626386035200,182.5149491002632,18.53519047994025,-0.0045554065718939,-1.834225901979613,-2.0676535893591383,0.07867671,0.08987373,1.00743,0.0,0.20639804,16,1.1647532,0.26284218,16.991335,-0.0007133952989584,0.012140434463530718
3950102626386037888,182.5147651968036,18.53917234081043,-0.008617974720973,-1.5889641022344467,-2.052252474228971,0.038697515,0.036646556,1.0416812,0.0,1.0461507,17,1.236197,1.168603,15.683386,0.0029140780992356,0.010618232101500733
3950102626386053376,182.52243017137792,18.54297896050977,-0.0129494030214945,-1.761462054135704,-2.0667379316500245,0.029459966,0.027200192,1.0670557,1.2951161,1.6809412,17,1.3521199,1.216918,14.966558,0.1138186130269296,0.0027499786956592617
3950102626386129664,182.50688607322988,18.54445004495988,0.0069534103916435,-1.7435519657441074,-2.0536855009066457,0.052990153,0.050677773,1.1045941,1.9835668,2.5548277,17,1.2306826,1.1126919,16.184608,0.0030398499608972,0.018278869312376756
3950102626386130688,182.5152817341332,18.542810767883715,-0.0299543918476831,-1.0038983532642929,-2.367027178784131,0.4499882,0.39998433,0.92779005,0.0,-1.5814579,15,1.8790672,0.8740425,19.365734,0.6733403605668653,0.009752027277404648
3950102626386132352,182.51324933108265,18.545833167855022,-0.017930612275458,-1.6711971326559836,-2.037068543674956,0.06602483,0.0636275,0.9108219,0.0,-2.1532671,17,1.2023925,1.0478497,16.740906,-0.0189415460434208,0.012360072645827374
3950102626386132480,182.50971500912465,18.54759187433797,0.0756925437669981,-1.671199288639866,-2.0837864006008977,0.0946495,0.09459445,1.0069473,0.70553803,0.19043306,16,1.1405674,0.13057518,17.038952,-0.0187527038792891,0.016275748974207787
3950102626386133248,182.51904147315176,18.54496384822406,-1.0866320287872182,-1.3475480115611378,-2.114064288564366,0.5017522,0.45125082,1.0737295,1.2111601,1.6842272,15,2.1091652,0.6381531,19.442432,0.921314678070328,0.006654955934980601
3950102626386134784,182.5156923178342,18.54931998343429,-0.0242672418810245,-1.8514942463655684,-2.038205315017446,0.06482006,0.059110705,1.0973486,1.1479725,2.3862288,17,1.2279284,1.0752907,16.553345,0.0039555591641382,0.011841245913237914
3950102626386453376,182.51698949822548,18.539634779915545,0.1113031811750003,-1.8023516451016413,-2.5194382160002515,0.32388973,0.24824473,0.91941625,0.0,-1.7329232,11,,,18.844366,,0.00835238916283975
3950102656449964160,182.5003622556804,18.54088345228354,0.2865634172772209,-2.0285392971169087,-2.7108710612943314,0.49807298,0.37974653,1.0090737,0.41751742,0.2392257,16,1.1751068,0.9446621,19.506325,-0.0367252838543941,0.02466303152416743
3950102656449966720,182.50148595956995,18.545873690154068,-0.4419622735466963,-1.2628244637839443,-2.214097734294659,0.38597563,0.302426,0.9111648,0.0,-2.0516918,16,1.2700118,0.89313126,19.184452,0.0626674564013753,0.023830979265571726
3950102656449968000,182.49463953330545,18.5480281702658,-0.9634290086052776,-2.00162807259868,-2.809778847591011,0.5037378,0.4056447,0.97517884,0.0,-0.52043253,15,1.1329374,0.82844734,19.592842,-0.069026151920474,0.030953138365357062
3950102656450091136,182.48501083698028,18.542324139388136,0.275460352283608,-1.4032318789590088,-1.9875834515621635,1.1373447,0.74713594,1.0793585,0.35921714,1.6678029,15,1.0500785,0.4089203,20.407774,-0.1234887811275222,0.03999047668334501
3950102660745450752,182.49851573566417,18.53952456540773,0.8418255914277982,-1.231142845107094,-2.535089157364128,1.6669745,1.095778,1.0216691,0.0487637,0.45100942,13,1.2922794,0.6040001,20.548647,0.1066775564384774,0.02659969988234805
3950102660745775616,182.50263229181988,18.54397597441025,0.3583681766074105,-1.828121468423417,-2.257952839294873,0.2160544,0.20536168,0.9568003,0.0,-1.0147642,17,1.2281268,0.93240356,18.68125,0.0173781651973847,0.022454817837187727
3950102690809712128,182.50166885173908,18.55847356947527,0.2710715558009151,-1.35561281146336,-1.907503534953762,0.55412096,0.42643502,1.0238734,0.20260412,0.5793297,16,1.1792877,0.62537956,19.709846,-0.0077113424979708,0.02856082930220499
3950102690809712512,182.50846725899288,18.555920469907846,0.1191233641528537,-1.74409540837729,-1.9902557433931736,0.1162472,0.12876065,1.0159949,0.0,0.40692422,15,1.1975228,0.97226524,17.652287,-0.016784701989071,0.021612751043398118
3950102690809726464,182.5102943299672,18.55100560517344,-0.1221143401247604,-1.714575470881947,-1.8059438557840053,0.15393211,0.16900644,1.0905555,0.9743699,2.1805468,16,1.2652506,0.8917084,18.077528,0.0580276689536838,0.017244061460507873
3950102690809834368,182.5022733047985,18.553385731473863,-0.1356757361147362,-1.6204937747548895,-2.16504562589477,0.36916664,0.291837,0.96013725,0.0,-0.9074572,16,1.2037823,0.8197403,19.207298,0.0025211236115256,0.025419235943999273
3950102690809863296,182.50832181571704,18.55275227375504,-0.362810344032459,-1.5907772175393662,-1.972252416113792,0.25294554,0.28157517,1.0143696,0.0,0.36124942,15,1.3144546,0.962265,18.821749,0.1010495989786763,0.01984371996072997
3950102695104482944,182.5032629997853,18.54953709589205,-1.211667754345455,-1.984922838673515,-1.961411395340872,1.1974834,0.9601232,1.0124339,0.0,0.2777161,14,1.1008992,0.5046005,20.625538,-0.078675583254808,0.023006629323300543
3950102695104487040,182.5091118200017,18.54814756776595,1.259461948152946,-1.8471457673084783,-2.654243058851076,0.69444484,0.7012513,1.0816758,1.2415353,1.7635008,15,1.5428188,0.28358078,19.994476,0.3762860562144234,0.017036045700095967
3950102695104510848,182.5122991580602,18.55339691886648,0.3526990190894796,-1.884239513951352,-2.6496984155289773,0.97031534,0.6359893,0.9511198,0.0,-0.92133623,14,,,19.88029,,0.017064616773584805
3950102695104510976,182.5118659422725,18.55329437395618,0.1923784933978393,-2.071023695146876,-1.7124712914471694,0.696907,0.55654085,0.97510237,0.0,-0.5161338,15,1.3454374,0.7060566,19.852869,0.1528540584875979,0.01732242348667334
3950102695104515200,182.51444623124533,18.55321414868367,0.5301775110103878,-2.0670649752180985,-2.76845521050806,0.70059335,0.56450415,1.0157874,0.0,0.38447788,16,1.1289972,0.6693897,20.02751,-0.0609876323493379,0.015399323544447003
3950102695104519680,182.5118109197323,18.554640353232188,0.2857900587604118,-1.495683083596793,-2.237389255372796,0.4482823,0.3091257,1.0514996,0.22398926,1.184986,14,1.205242,0.8618431,19.248463,0.0005359873117738,0.018268288593683187
3950102695104534656,182.51128456274247,18.55785381256026,0.2544007003143256,-1.6950071380418474,-2.567079356050753,0.5576295,0.5011788,1.040302,1.0545923,0.97066104,16,1.1967218,0.6268234,19.861904,0.0096271355946315,0.020963219978359586
3950102695104627456,182.51076854415007,18.55134482006253,1.2490936301879072,-1.6174342713830212,-2.7124109972257697,1.1245234,0.8097579,0.9933183,0.0,-0.10044954,14,1.311414,-0.16111565,20.406708,0.1616573432102115,0.01702527525797263
3950102695104628096,182.50968227048511,18.55686032935625,-1.7837635666467122,-1.3544676430658225,-1.3305857795537666,0.98572487,0.8002776,0.9618685,0.0,-0.8212098,15,1.0958607,0.623085,20.428272,-0.0909867074732837,0.021341561003534047
3950102695105613056,182.5123010948984,18.554096816505115,0.0139212908045667,-1.63954163541765,-2.2718792938557995,0.087756224,0.08107606,1.0955393,0.25888428,2.3087933,16,1.2325836,1.0101624,17.177559,0.0147979753121521,0.017538391041889395
3950102695105614720,182.51112382177504,18.55637818688089,-0.1553451885318229,-1.8540130814994635,-1.7942577234635986,0.088189654,0.0810247,0.96078503,0.0,-0.92639,16,1.2247907,0.124671936,17.150377,0.065718595008996,0.01998200640858422
3950102695105643392,182.5036848890841,18.55394423397833,0.0863354958097731,-1.6275430351021385,-2.065440303201292,0.05562297,0.05399322,0.9766346,0.0,-0.5602568,17,1.2220206,1.0758257,16.457108,-0.0020041434904001,0.024433556406845677
3950102725169433984,182.5473523530228,18.525801271168543,0.5552323268861371,-1.1931375296673068,-2.247345500815752,0.51707643,0.3719739,0.9840968,2.4598553e-15,-0.33962908,16,1.1968786,0.8111305,19.507048,-0.0036932329613752,0.02760482750192151
3950102725169437696,182.5543999928064,18.532716318354083,0.3483120138710044,-1.7100399952438887,-1.7070632064819549,0.61577225,0.4368239,1.0000014,0.0,0.02932421,16,1.1759088,0.74580956,19.736168,-0.0196035006205186,0.03083093125285916
3950102725169438720,182.548131271884,18.53564107268873,0.2196256114718342,-1.5400574758386365,-2.1275646740267127,0.25624883,0.2341101,1.02928,0.41938207,0.7129841,16,1.2472473,0.8978996,18.746716,0.0394950857739517,0.023989407986042238
3950102725169439744,182.5490945483237,18.53869578841931,0.2091774467314487,-1.8305862512105024,-1.476818049277203,0.63745964,0.4805609,1.0370568,0.5735728,0.85021347,17,1.1179628,0.7564049,19.799202,-0.0783495047528359,0.02432005495661002
3950102729464208896,182.54770368800308,18.52659546338518,1.68230761156237,-2.267717517191905,-2.459988821429526,0.8853148,0.6608056,1.0448563,0.59529686,0.9492531,16,1.2237265,0.619297,20.072853,0.0371285390294902,0.027436420999437713
3950102729465348224,182.5454495641304,18.533047913995187,0.0807872043046709,-1.844205420734805,-1.976705363206429,0.111708246,0.0968455,0.9398038,0.0,-1.4188578,17,1.2263339,0.9604683,17.502533,0.0130903641906099,0.02232318339664946
3950102729465351296,182.5589946942005,18.533493854850285,-0.0880361065453173,-1.7606424639731053,-2.11576800112308,0.06854932,0.06364653,1.03997,1.3645704,0.9727148,17,1.2314564,1.0565758,16.603083,0.0092882214147478,0.03504274160354306
3950102759529179392,182.5558899680576,18.54239203699008,-0.5176280506809686,-1.997754751110945,-2.3116490700977064,0.7530695,0.6257204,1.0262145,0.79948735,0.6330835,17,1.3823462,0.4079647,20.138927,0.2088363873159096,0.030892455706881025
3950102759529179904,182.5510929017289,18.54290855736876,-0.2902844900561482,-1.3108053221562272,-2.090342660301909,0.6803573,0.5460631,1.0080719,0.29823387,0.20273826,16,1.1444858,0.701807,19.818245,-0.047791277900804,0.026108714965054132
3950102759529182080,182.5614859041385,18.54722453062742,0.2254072271354586,-1.920139623887341,-1.907754671756701,0.14708932,0.1421887,1.0439491,0.41573218,1.0802743,17,1.2206602,0.9210491,18.069124,0.0109063133501168,0.036858064532470286
3950102759529182592,182.56328335545365,18.54801657403371,-0.1102191699687736,-1.942362753359048,-2.0049258581192526,0.21175668,0.20533296,0.9787793,0.0,-0.49626413,17,1.1094829,0.12805748,18.646994,-0.0497311586413833,0.03875325106224109
3950102763825096064,182.5537346891344,18.54493861800547,0.8195342073574367,-1.7387313671392983,-2.0310468504606614,0.43185616,0.30940145,1.0171474,0.0,0.42534542,16,1.3258508,0.969717,19.262756,0.1117738824974527,0.02888456050265637
3950102763825096320,182.5614870785829,18.54353742310703,-0.4066823838295389,-2.337052409602041,-1.7305073792586994,0.76853335,0.6287953,1.0591749,0.42419916,1.2665462,17,1.1423088,0.5979023,20.085308,-0.0429009905075041,0.0365194547238087
3950102793888933888,182.53597816676444,18.55063548139132,0.1207111621788475,-1.7429630014628368,-2.036402010684823,0.04551965,0.04137633,1.0107464,0.4659601,0.28919214,17,1.2475802,1.003993,15.914364,0.0303669946143427,0.013967522484946714
3950102793888940288,182.53953932584324,18.538348098182148,-0.179444383033216,-1.527567682214534,-2.1091367699947647,0.6737032,0.54016,1.0360779,0.5204485,0.8255649,16,1.4766183,0.6957321,19.850817,0.2847767192840771,0.014990943361339205
3950102793889078016,182.5416895945424,18.544277916632463,-0.0327273378274919,-1.7175002470248115,-2.1048473260740463,0.22508682,0.2137432,1.0056187,2.2682994e-15,0.16727537,17,1.1547855,0.92329216,18.750051,-0.0551642249436361,0.016844330505355217
3950102793891258752,182.53596329954752,18.547050795496105,-0.0542428075105057,-1.7566465350952996,-1.9195435791746367,0.10324144,0.100011535,1.0479299,0.56245035,1.21461,17,1.2611341,0.9686432,17.488409,0.0471542232190629,0.012070810747913515
3950102793892568704,182.53870791935304,18.538770624536347,-0.2728686737144937,-1.3555711242041133,-2.145074935801945,0.22717533,0.21900551,0.9209283,0.0,-1.9722582,17,1.1961606,1.0183983,18.774096,-0.0223929098261455,0.01408317857852596
3950102793892569216,182.54120355046925,18.550176577027383,0.8709926516467807,-1.876294383569866,-2.426907743727751,0.7254869,0.58070284,1.0451351,0.0,1.0139767,16,1.1269735,0.40977287,20.007002,-0.0466451032492389,0.018149695856790264
3950102798183580288,182.53266479807675,18.543091490035657,-0.0766759686997821,-1.7677018093398709,-1.9775292196845504,0.08980731,0.08875422,1.0768684,1.6057311,1.8497578,17,1.3158991,0.9510784,17.185497,0.1034960133504563,0.00774212374321324
3950102798183707648,182.53310449386524,18.53915733599099,-0.1575282678266191,-1.605011607630805,-2.368171994016924,0.49568927,0.4063049,0.9823948,0.0,-0.38967502,16,,,19.553827,,0.00858857144580678
3950102798183707904,182.53749313156783,18.537415915828834,0.1148828067487186,-1.8270582313231345,-2.20991873950855,0.116123356,0.1130368,0.9863333,0.0,-0.31132334,17,1.2472504,0.92892456,17.71849,0.0368074568050167,0.013307597982328351
3950102798183712512,182.53406651231165,18.54001201846156,0.4541643926133445,-1.606021731554112,-2.229426277431769,0.6680731,0.5737081,0.9693696,0.0,-0.59845567,15,2.4276702,0.63290215,19.612951,1.2401712096566857,0.009281902611773554
3950102798183716224,182.5375824876025,18.53911130494807,-0.653291841756991,-1.5812518058348952,-2.3984329454782443,0.58294845,0.45600188,1.0068936,0.0,0.18821199,16,1.715427,0.679018,19.732061,0.5247695079230246,0.012909823909325317
3950102798183716352,182.5378554706221,18.53884321006487,0.2481540143047794,-2.006577936872046,-2.215268650403358,0.7782264,0.58582926,0.9290202,0.0,-1.4434762,14,,,19.982563,,0.013237388247317608
3950102798183719168,182.5389745320209,18.539505128066743,0.1392146406447448,-1.9320997394795745,-2.6473113246852065,0.62960553,0.53856283,1.0560995,0.0,1.2182474,16,1.0320251,0.64037514,19.799807,-0.1559748105437113,0.014195489817755834
3950102798183720576,182.53804822128228,18.54065463214538,0.0144836565717516,-1.9642905313559509,-1.897960302133844,0.10540684,0.10331397,1.037363,0.0,0.92646277,17,1.138804,-0.025629044,17.52146,-0.0147116570055827,0.013117396589852698
3950102798183720704,182.53694075477824,18.541289291535257,-0.1403187099866687,-1.2050495623773796,-1.686192330849536,0.69648343,0.53029627,1.0006124,0.0,0.044138905,16,1.1456705,0.6033287,19.909472,-0.0398880356647299,0.011961886606880053
3950102798183723520,182.53410677901408,18.544383274652706,0.5810596777827881,-1.3859469639737048,-1.55997678315504,1.51006,1.8514494,1.0742929,1.0354124,1.2595761,13,,,20.613712,,0.009413470246483417
3950102798183723776,182.53369852027072,18.544211116229093,-0.496026983902977,-1.888298734406276,-1.926005079049626,0.44976863,0.39760444,0.9801205,0.0,-0.42092302,16,1.8369824,0.8055515,19.416397,0.6368544844019393,0.008975148459972604
3950102798183725824,182.5326110755164,18.54414308594797,-0.0530936449496316,-1.7358485362310825,-2.236797955941223,0.79543644,0.54945445,1.0888808,1.5628964,1.844789,15,1.6920432,0.58623505,19.751303,0.5075755156319093,0.007907040400593902
3950102798183739008,182.5362003114752,18.54467179047385,-0.3989277566268193,-1.651741877742967,-1.2879009934095371,0.38767883,0.30711615,0.9892472,0.0,-0.21321361,15,1.6858969,0.77872086,19.151209,0.4878732958571989,0.01151457517572747
3950102798183739264,182.53565006795765,18.545184907052384,0.0390514113414099,-1.2979294392911156,-2.012307155148631,0.35966668,0.29120195,1.1040461,0.96423686,2.4150877,17,1.5620215,0.81850624,19.04943,0.360859445850257,0.01111609555710526
3950102798183740928,182.53445977989983,18.54585716736025,-0.0159864377637767,-2.3596839391989763,-1.623972849678728,0.54447365,0.457856,1.0790313,1.5746512,1.6901984,15,,,19.531382,,0.010215927554468741
3950102798183741824,182.53645901270025,18.545590645481184,0.4019010645048523,-1.5173196029867797,-1.8146085046427007,0.51155514,0.45416248,1.0650287,0.72090834,1.4458603,15,1.851365,0.9699669,19.431843,0.6372654880677249,0.012008401518764443
3950102798183745792,182.53635219230588,18.5466421252281,0.2238071615702506,-2.0102891565427217,-2.3202950183648143,0.30170462,0.26557922,0.97052705,0.0,-0.66358113,16,,,18.969864,,0.012264648253537208
3950102798183745920,182.53629556884945,18.54623379302868,-1.1285149678355604,-1.4866062134187426,-1.7500901403458338,0.7232895,0.54116076,0.98470736,0.0,-0.31152317,16,,,19.883633,,0.012062954822194567
3950102798183762944,182.5370101482124,18.549615627574287,-0.1779092188050359,-2.342978298869451,-2.385367463000491,0.2594312,0.23960596,1.0395762,0.46062833,0.9981154,17,1.7381022,0.8159256,18.85788,0.5371470853166562,0.014221161817304543
3950102798183764992,182.53715667232632,18.550297687771213,0.7704578536506381,-1.6030068830941748,-2.4560308837016067,0.78789014,0.75714236,1.0855594,1.2742714,1.7978705,16,1.3383718,0.9132843,20.150095,0.129293278968325,0.014718570052754842
3950102798183767040,182.54102368586584,18.549399713994024,0.3246101777848097,-1.623739221059309,-2.57605455760061,0.58824044,0.44105297,1.0352107,0.5487706,0.82900137,16,1.2249187,0.6803131,19.69705,0.0341702005695714,0.017649767021697616
3950102798184001280,182.5364745501928,18.538028726395886,-0.2141170824709602,-1.5706465244406054,-1.7344450661823156,1.0678815,0.75232846,0.99176055,0.0,-0.14267878,16,1.5722315,0.59605026,20.314396,0.387140215313442,0.012142335696460269
3950102798184083584,182.53367296052008,18.541313090643207,-0.2809242399402848,-1.0309043869443764,-2.161295448635319,1.5345458,1.5109613,1.0011835,0.0,0.058434892,13,,,20.509233,,0.008700120036367158
3950102798184795520,182.5315398217073,18.543491432604363,-0.0287334217301959,-1.7540608312542885,-2.0401483991928244,0.0796577,0.07871594,0.96031046,0.0,-0.9548691,17,1.3412645,0.18433571,17.089437,0.1795823531103286,0.006707729807954775
3950102798184807168,182.5309176573009,18.54573983677277,-0.0172569856442382,-1.6960018442292517,-2.329803989967071,0.09026481,0.08840734,1.0810361,1.888079,1.9959365,17,1.3456278,0.162714,17.166613,0.1849180619172423,0.007000360491991508
3950102798184826880,182.54207447798507,18.53910728311197,0.218686032298315,-1.819074991096555,-2.5002621949870325,0.66185045,0.5877517,1.0327702,0.4455899,0.73303974,17,1.0924555,0.71567726,20.021057,-0.1008260977438293,0.01731778304104407
3950102798184828672,182.541940419876,18.54163615865141,-0.1966783077980499,-1.7639347692976295,-1.971237495188012,0.114397325,0.106677674,1.020458,0.2165163,0.5234821,17,1.239598,0.9631691,17.624887,0.0261116707911801,0.01694432666416401
3950102798184829696,182.53508224959825,18.545708956348392,-0.0565632819902666,-1.6329864829556409,-2.118507628894556,0.0377935,0.03611125,1.0291989,0.14308092,0.7480763,17,1.2839779,1.162324,15.518585,0.0513374285713481,0.010742816863164997
3950102798184831616,182.53424000036912,18.549825317704755,0.0436217718760734,-1.6502630822198692,-2.047426065559522,0.08010093,0.079633355,1.0227225,0.28675035,0.5556521,17,1.2261453,0.25678062,17.014566,0.0609850793720714,0.012108393948069023
3950102798184832384,182.53577183606004,18.54879038967848,0.0179340489601095,-1.66202463372621,-2.0024739319513367,0.062730305,0.057311904,1.0877658,0.44127592,2.1744704,17,1.2515166,1.0686884,16.52446,0.0281828476979748,0.012733493004268437
3950102798184833536,182.5353458022157,18.54992037802714,0.0460791265534802,-1.9190766575900151,-1.943305802615685,0.07442463,0.07169552,0.9451344,0.0,-1.3177279,16,1.0975826,0.7608967,16.896198,-0.099071295663583,0.01302950542341327
3950102828248658944,182.5484204546515,18.54608133251,-0.1190153719526354,-2.117004293377064,-2.563113945436024,0.2843796,0.2682706,0.96743673,0.0,-0.7789454,17,1.1576053,0.9802418,19.048658,-0.0574266756726111,0.023773408908697575
3950102828248661504,182.5436046312855,18.551258501753253,-0.3982918327549316,-2.0360945792650047,-1.5523271527919038,0.45926306,0.33875605,1.0524148,1.0510622,1.2297313,16,1.1474137,0.8978634,19.331152,-0.0603354120484929,0.020781052908449452
3950102828248661760,182.5446833367304,18.54869446408749,-1.938008610461407,-2.1996528622703835,-2.1170382154846346,1.912957,1.6855904,0.98568535,0.12651171,-0.18897457,11,,,20.76985,,0.020790613128544154
3950102828248664064,182.54205032635727,18.556193203135667,0.2831348618376842,-1.3544519103935455,-2.1534496366777445,0.7674779,0.5599053,0.92733544,0.0,-1.5712042,15,1.5184718,0.66708183,19.831657,0.3286471714201149,0.02218469391583924
3950102828248816640,182.5406966637226,18.551958339688422,-0.2550399215844955,-1.638945843010605,-2.1563961957620537,0.56536305,0.43501356,1.0269543,0.37088302,0.6344004,16,1.1358719,0.7134323,19.686659,-0.0572461534539743,0.01858907693701212
3950102832543503104,182.5469351163203,18.5458569379445,-0.3139172384787397,-1.5326765420134008,-2.2320761277257644,0.769945,0.54074943,0.91934764,0.0,-1.7838522,16,1.0878226,0.61278343,19.98195,-0.0983490040434731,0.022271625407511052
3950102832543506816,182.54361135650737,18.54956850156072,0.3307622491702646,-2.0559481098607715,-1.789415154007743,0.53638357,0.39536533,1.0180243,0.9011392,0.43975943,16,1.2523675,0.78645325,19.5206,0.0537426645333805,0.020091411272451957
3950102832543508992,182.54427431709524,18.55141798912411,0.5874647775164105,-1.845711892503516,-2.0691145888448266,0.44945312,0.33684644,1.049618,0.4499657,1.1764988,16,1.1521262,0.89084816,19.364899,-0.0550233926652738,0.021452221764415098
3950102832543509888,182.5416424286883,18.5543445770511,0.5767767782156328,-1.230252310515542,-1.9028342993443887,0.7705647,0.6269487,1.0560162,1.005269,1.1986537,16,1.0822269,0.34540558,20.038044,-0.087648945207075,0.020720980073724127
3950102862608528384,182.5677748548757,18.56035401542451,2.036973344747784,-1.4886795131363737,-2.2003259511927262,1.6382189,1.1552254,1.037237,0.021001795,0.6775053,14,1.0500089,0.71326447,20.57992,-0.1430969419617229,0.046546300517219766
3950102832544573440,182.5421610640304,18.55468285205245,-0.0319541964087219,-1.888469255695212,-2.2095202280597697,0.65667254,0.59032035,0.9385471,0.0,-1.3096757,16,1.2723027,0.47439003,20.009079,0.094657793374355,0.02133909217469081
3950102832544574080,182.55825679478693,18.553222370136403,-0.0963756507905182,-1.906834977273506,-2.002478529988814,0.13328853,0.12917858,1.0230865,0.0,0.59056526,17,1.2101105,0.9278698,17.938557,-0.0002399210208929,0.03509923063227819
3950102862608403840,182.5684242148557,18.5591569146762,-0.0232101260401278,-0.9360424103622148,-2.0568709453196194,0.52495056,0.40542278,0.97944814,0.0,-0.44771373,16,1.1933771,0.7314129,19.55786,-0.0010611740353785,0.046690707394936345
3950102935623789824,182.55283917068644,18.5608986545082,0.0559473887480613,-1.6470180191835628,-2.0033840052157386,0.1269437,0.11479122,0.9859783,0.0,-0.30762702,17,1.1228247,-0.054216385,17.745798,-0.0297991797890024,0.03364786125043719
3950102935623789952,182.5643471701964,18.56390968606258,-0.089061673680955,-1.586689655590206,-2.258497631402893,0.10502571,0.104384914,0.9769527,0.0,-0.5234403,17,1.1356655,-0.01672554,17.501724,-0.018138674350147,0.04503592061705622
3950102965687637888,182.5714714170772,18.56769116782053,0.0510612757083907,-1.54607392070519,-1.9591566279922203,0.40416723,0.28742838,1.0047197,0.0,0.13481374,16,1.1223619,0.13059998,19.12856,-0.036959250487665,0.0531001761686751
3950102965687640448,182.56627044386263,18.570948272827483,0.0285122903737913,-1.3360553531754915,-2.6358053243219293,0.89857316,0.75698173,1.038616,0.4305071,0.82783955,15,1.1459383,0.67108154,20.041958,-0.0441642270394837,0.05041083252945462
3950102965687644928,182.5693145508484,18.579494659238563,-0.1261394390967967,-1.6080222218917088,-2.05440668714989,0.6524683,0.5798284,0.98696864,0.0,-0.2602745,16,1.2084333,0.6535721,20.008118,0.0195384414351831,0.05804850461734405
3950102969983528704,182.56682523358512,18.577085438399127,-0.0360155081030627,-1.796178896886009,-2.142990013926905,0.08385334,0.07920942,1.0028929,0.0,0.095453605,15,1.1713009,0.30441093,16.994518,0.0036693531283671,0.054592473401635346
3950103000047364224,182.53208780342428,18.5489589251814,0.0816738818138923,-1.6351879494582662,-2.092498611178434,0.04562044,0.044954907,0.90157974,0.0,-2.3322778,17,1.2727675,1.1069155,15.961235,0.0456970054955538,0.009932955102152306
3950103000047365120,182.52661971981573,18.552380817976523,0.0012884187643804,-1.6642285733874258,-2.121185349750337,0.05247752,0.049137283,0.96359015,0.0,-0.87321717,17,1.2333926,1.0902033,16.246117,0.0079665486520401,0.010506420615181778
3950103000047367296,182.52997076530912,18.55455214299761,0.246849148397742,-1.714382012900121,-2.397830011775157,0.49114007,0.37304646,0.963192,0.0,-0.80350316,16,1.4345803,0.73594475,19.379536,0.2398055590103813,0.01350054819593252
3950103000047367552,182.5239860435984,18.556685537613507,-0.1575737782577858,-1.74168746461869,-2.1011326220597826,0.09200019,0.08924414,1.0805084,0.90069604,1.9185548,17,1.1607807,0.07640076,17.230764,0.003652090227078,0.014720500079211066
3950103000047372928,182.5248201340741,18.55812056166624,1.6964084763385876,-2.000619947661208,-2.330474979409661,0.9409673,0.7233968,0.98290044,0.0,-0.319826,15,1.1328473,0.59342957,20.285301,-0.0520767497111416,0.016121565066279337
3950103000051005952,182.51823897161609,18.554900907965763,-0.0823325956993971,-1.422095746861427,-2.097830180568896,0.5529368,0.43767142,1.0420402,0.7736013,0.97239166,16,1.315133,0.8037262,19.640453,0.1151498489523346,0.014565195884340824
3950103004342067840,182.52549243962684,18.548596813621906,0.0620497595023719,-2.0694567614586483,-2.2853349886052388,0.640962,0.4307979,1.12826,1.5215822,2.714663,14,2.4625845,0.6886978,19.459045,1.271243782898489,0.00661516793046264
3950103004342159232,182.5222170651091,18.54952926894472,0.4515707526107318,-2.280066831381504,-2.4670738104070726,0.7841171,0.507933,1.1237495,1.4151886,2.8064525,15,1.6782728,0.39007568,19.75132,0.505827926925954,0.00802711763019504
3950103004342167168,182.5238336632481,18.54959108857373,-0.1491819410543819,-1.557711005374654,-2.198407816311473,0.20354626,0.20268285,1.0389894,0.68575656,0.97462016,17,1.500514,0.82299614,18.564644,0.2989907993365541,0.00768016713054183
3950103004342171392,182.5235023195713,18.55080213911057,0.4303177959591197,-1.2488437756714037,-2.4378802328244302,0.24820459,0.2536973,1.0420101,2.4326738e-15,1.0034171,15,,,18.848324,,0.008928644890930296
3950103004342175360,182.52709896252145,18.550010968236453,-0.6995439724529013,-1.3618310138879255,-1.9712744222718608,0.43189692,0.3545562,1.0653926,0.018311692,1.5376304,16,,,19.351395,,0.008281380063242002
3950103004342176256,182.5252399307743,18.55108337576037,-0.5245319476472564,-1.458923723356938,-1.5962040631631362,0.9362497,0.6920458,1.0016308,0.0,0.06593618,15,,,20.167395,,0.009086544006414538
3950103004342182144,182.530069672792,18.5512412115418,0.4145200838020557,-1.989802533937877,-2.280254636305381,0.38271418,0.3019371,0.9786819,0.0,-0.47331986,16,1.6841621,0.7288208,19.124828,0.4899156051648761,0.010540473090811141
3950103004342183296,182.5329735678388,18.54959265413884,0.7374888005346449,-1.2908589756288182,-1.9040911983278472,0.6744243,0.6370009,1.0393454,0.0,0.8318412,15,,,19.898834,,0.011010276152396898
3950103004342186368,182.5233275237706,18.554193166145843,0.4848616083313283,-1.2403303032218516,-2.286456798029916,0.51278406,0.39334235,1.0220414,0.17951678,0.53093493,16,1.4788289,0.8044605,19.488243,0.2787875397073838,0.01230733429293356
3950103004342187648,182.5269500946089,18.55285435402297,1.211415127601133,-1.4257907726979566,-2.614358177898482,0.93384707,0.84530765,0.94479144,0.0,-1.08698,16,,,20.369036,,0.011028139926550455
3950103004342188288,182.5258869523492,18.553401937345505,-0.0712530773248681,-1.4485944023902,-2.1789995473443864,0.56741047,0.4485593,1.0270946,0.0,0.6477015,16,1.4671049,0.6471157,19.67549,0.2786495272710028,0.011436383156423466
3950103004342192128,182.529900924978,18.55238978727248,-0.7341734685186218,-1.1555555242914546,-1.980408283561726,0.56334835,0.54046655,1.0594212,0.40695733,1.3431149,15,2.0107148,0.64486504,19.560545,0.822411888152107,0.011487677972822057
3950103004342193536,182.5230541975177,18.55580034057025,0.5589163887801338,-1.4528449361235671,-2.667878257944957,0.49892464,0.3909221,1.0583664,0.3193744,1.3745716,16,1.1488237,0.7504883,19.577501,-0.0470408733277472,0.013936841362196525
3950103004342193664,182.523843188806,18.55579463651692,-0.0244683842579161,-2.186659937092695,-1.8689582005089904,0.51951516,0.43677926,1.0845417,0.5384829,1.9559346,16,1.1894069,0.98747826,19.60159,-0.0262858491478834,0.013843056337835577
3950103004342197504,182.52673637842904,18.555987245677983,-0.1724035792648253,-2.1812755859730246,-2.390770463032357,0.60443085,0.45152473,0.983506,2.4691203e-15,-0.35181326,16,1.0118371,0.59885406,19.73247,-0.1734336937470963,0.014094610732652568
3950103004342198400,182.5236407126662,18.55807588305099,0.7601113478566859,-1.1196655007492633,-2.2293452584906945,0.41388652,0.33333886,0.9885766,0.0,-0.23453173,15,1.1230464,0.8729267,19.332432,-0.0825866515671653,0.016133247593862164
3950103004342199680,182.5354593045796,18.55424907280717,-0.1642739317838149,-1.1586811383571982,-2.528171003516732,0.5741646,0.5182569,0.97366863,0.0,-0.5653027,17,1.1253055,0.6703987,19.895134,-0.0647494987411627,0.01610704308444366
3950103004342199808,182.5298614983972,18.55687678697989,0.9562920360326908,-2.1421955250961826,-2.1516766591807324,0.63647974,0.5062842,0.9891953,0.0,-0.21438797,16,1.0209869,0.6825676,19.827375,-0.1699203224242664,0.0156509730531622
3950103004342201472,182.52763369150327,18.55982300053896,-0.7764921202639793,-1.4403363659208157,-1.3360186550434707,0.8213585,0.69606435,0.99279547,0.0,-0.11181585,14,1.4076552,0.56103706,20.04198,0.2247540331671953,0.018016539044612034
3950103004342301696,182.5251621657456,18.560489338336268,0.300960786442919,-1.9327346625628263,-2.471030222723641,0.89814436,0.75567406,1.0417968,1.3683795,0.8851967,13,1.0986484,0.45910645,20.212269,-0.0780198481760949,0.018490049481869185
3950103004342379776,182.5235573135636,18.55220079598763,-1.053923031408262,-1.7676611371392656,-1.9126643373299004,1.4573125,0.7400482,0.93274707,0.0,-1.2847742,13,1.1371064,0.74684334,20.234936,-0.0584836003028348,0.010302309592271738
3950103004342381056,182.53447436294263,18.5518736622338,-0.5114142418330726,-1.5885791098112938,-1.6966176100139991,0.85616356,0.7723023,0.9665291,0.0,-0.66584903,14,0.93260586,0.3978386,20.18821,-0.2402986051798059,0.013684032997465491
3950103004342542976,182.52858766501475,18.551598752085507,-0.0453081599085377,-2.418944395984955,-1.8392054136356968,0.8663758,0.8960024,0.8689852,0.0,-3.0513635,16,1.3801639,0.5273762,20.352991,0.1992772932523143,0.010247310957370517
3950103073061675648,182.52098065852783,18.55962722805302,0.1499357475123591,-1.5962193523382389,-2.051163024845975,0.6382628,0.45011127,1.0045485,0.023789505,0.12885386,13,1.3314254,0.66199493,19.686853,0.1419524742940807,0.018079664673413463
3950103004342561408,182.5295847363409,18.55804934875599,0.0571327117054386,-2.165208973031544,-2.4140167414119538,0.97307336,0.7120523,0.9408931,0.0,-1.2494462,16,1.0045335,0.51815224,20.194107,-0.1758168119137719,0.016691357128969582
3950103004342577536,182.5352527871329,18.55256373669205,1.1978991802310603,-2.1313889885826733,-1.8360476174032505,1.8903058,1.0906411,0.9874817,0.0,-0.1830055,11,1.2829791,0.2765751,20.55663,0.1168096157940141,0.014721147268171265
3950103004342590336,182.5314178288051,18.55667629392623,-0.0325273486465991,-1.3397126165316382,-2.119951212910806,2.4886386,1.1560009,0.8843044,0.0,-1.9210589,11,0.9305174,0.046157837,20.61508,-0.2254702101017114,0.016018181231981662
3950103004343164928,182.52513315698488,18.546190253852025,0.0173219641099604,-1.665005456657627,-2.094818325308187,0.023131737,0.021115638,1.1033092,0.9331723,2.5283582,17,1.2972072,1.3221407,14.38904,0.0475330830728664,0.004192369035165766
3950103004343165312,182.52923367010783,18.54804994922896,-0.1568124104814539,-1.630197736726834,-2.034354047710447,0.079669334,0.07471114,1.0922719,1.2733461,2.3190513,17,1.385903,0.31954384,16.990515,0.2174556169441037,0.007384161987311636
3950103004343202432,182.52798463277395,18.54812942274434,-0.3306490162767014,-1.8529164324434928,-2.2754599971334706,0.11454397,0.113667816,1.0345985,0.8453964,0.8726032,17,1.6920518,0.87999725,17.647755,0.4858230142481898,0.006817466976385053
3950103004343218944,182.5225659013107,18.548871020387807,0.0896995359515146,-1.5904583044357488,-2.2406930707972763,0.07319802,0.0718852,1.0349085,2.2902867e-15,0.8883036,17,1.2538079,0.19800377,16.91203,0.0914954809841224,0.007289427796394841
3950103004343257856,182.5232600186308,18.548607055892468,0.07265125313969,-1.5616772452416054,-2.3060164157461243,0.13993526,0.13616128,1.0513821,0.4696286,1.2914512,17,1.3366481,0.88433075,18.037323,0.1300525242095485,0.006832329231776058
3950103004343261696,182.5331164477023,18.54987487059969,0.0680751317615355,-1.7122296648264068,-2.1910878614432088,0.06653899,0.06805956,0.9727229,2.4326738e-15,-0.6117771,17,1.276153,1.0348682,16.687899,0.056051183350277,0.011308859812814874
3950103004343262080,182.53153287551103,18.550334522186105,0.0781083146099817,-1.675228741243514,-1.9726126837625824,0.10703454,0.10750723,1.0518531,0.6657149,1.2342145,17,1.2742001,0.038734436,17.471577,0.118483533619617,0.01058974610239711
3950103004343345152,182.53104164654889,18.5580567016484,0.7623839832360395,-1.657815687881042,-2.59971048504875,1.2203149,0.91239196,0.94135976,0.0,-1.1481943,15,0.9477041,0.7852287,20.427221,-0.2508252382824644,0.017155732594304602
3950103034407099264,182.5292224423714,18.56354528061821,0.1150056451981634,-1.6580066091089627,-2.0308681741195995,0.18274477,0.18354046,1.0155103,0.0,0.38573268,15,1.304331,0.89803696,18.372517,0.0965670138416483,0.02195513918191321
3950103034407100032,182.53772034233475,18.559887607748507,0.2259935132630064,-2.268852843034953,-2.612988825330376,0.5453982,0.4080479,0.98697126,0.0,-0.27657217,16,1.4876751,0.598423,19.60962,0.3024319438127953,0.021949342133137276
3950103034407108608,182.5393268427911,18.56416906906201,0.1530339114606044,-1.4724898926896173,-2.016156721349673,0.15784158,0.15178372,0.982173,0.0,-0.41844353,17,1.2420621,0.88399506,18.234713,0.0354949824192392,0.0263955687083423
3950103034407112320,182.535515093734,18.55875260680888,0.2410175860133052,-1.6744282259685623,-2.3244204545292133,0.92915887,0.7286375,1.095207,1.0528407,1.9539733,16,1.2027835,0.42019653,20.167555,0.0285336302871712,0.019779207039912008
3950103034407113088,182.54326358233783,18.56532711294268,0.8544469817996152,-2.533128032040259,-2.174550041694444,0.62651235,0.46338707,0.9812423,2.4737923e-15,-0.40336505,16,1.1271849,0.6440067,19.809261,-0.0610599685170309,0.029626215385210607
3950103034407116160,182.53632256940784,18.56903472192828,0.3821651658816458,-0.9036534716448456,-2.177124562843611,0.7327282,0.55382377,0.99358904,0.044709966,-0.10802213,16,1.1738086,0.7617531,19.960152,-0.0229105871152244,0.02931001139089857
3950103038701940736,182.5380332216764,18.55961566082335,0.2320546771270145,-1.688914744269448,-2.352638656662963,0.9065685,0.56673497,1.0603222,1.1121434,1.3121796,15,,,19.924614,,0.021912927086743767
3950103038701941248,182.53848761479912,18.561540650555184,1.0544401015460845,-2.142599719433401,-2.599602619111145,1.1585176,0.9120936,0.978168,0.0,-0.39657417,14,1.1484497,0.31480598,20.385384,-0.0197406687949575,0.023743478622331834
3950103038701942144,182.5394729101097,18.56333821617952,0.1639339438085751,-1.5936909774298509,-1.675444904057174,0.6707706,0.5214939,0.93882114,0.0,-1.372157,16,1.1383039,0.34404564,19.91245,-0.0314957540014422,0.025783417088652436
3950103038702014080,182.54036809716035,18.56059406820296,-0.4420597699249269,-2.2201422331912486,-1.9184689834634097,0.9157071,0.73022157,1.050685,0.5374223,1.1249949,16,1.4862304,0.52082443,20.274376,0.3057254240774192,0.024122972094378227
3950103038702099968,182.54224891605085,18.56162670977565,0.5686950481706324,-1.5066048102371403,-1.539251965287967,0.8376459,0.7045508,0.98872155,0.0,-0.20401832,16,0.98271513,0.8630867,20.191755,-0.2220944822889291,0.026129156923762616
3950103038702119680,182.5332363773644,18.56118504329492,-0.9770481986648722,-1.5355609149376,-2.414141835330391,1.0096022,0.8910328,1.0739579,1.1336625,1.6149799,15,1.1528702,0.55887604,20.2874,-0.0298989388665629,0.020878309278211295
3950103038702119808,182.53123469066307,18.56223513174799,0.7544098520618078,-1.2051490394754272,-2.294693850039132,0.93634737,0.77556175,0.9430557,0.0,-1.1077344,13,1.1077939,0.77721024,20.242882,-0.0901127414670592,0.021173850016530504
3950103038702242304,182.54417081348225,18.56456437209182,1.4613253972505396,-1.361481161122691,-1.591938699305658,1.0830629,0.93650436,1.0038272,0.0,0.109828874,15,1.1796774,0.5220032,20.542576,-0.0008959840241609,0.02960863011807769
3950103038703004160,182.53615871249607,18.56179497065796,-0.0285415610230105,-1.588195860970068,-2.047868282114677,0.037273344,0.03434356,0.99285084,0.0,-0.14844793,17,1.2306049,1.0916986,15.56558,0.0050323952670854,0.02272350606573228
3950103068766833536,182.51237961519783,18.55712974969202,0.0448186268660808,-1.855611909713598,-2.2630521807482062,0.67585063,0.5415102,0.982289,0.0,-0.3724834,15,1.1285805,0.68071365,19.950062,-0.0621961715959304,0.019702371387681543
3950103068766834944,182.5153282402617,18.559344999983846,0.614497219960467,-1.0717145053672033,-2.1998499358424715,0.8598071,0.5816991,0.9751172,0.0,-0.50851554,16,0.9825232,0.7010212,20.046177,-0.2096973920664174,0.019859304138738074
3950103068766846464,182.51529010073105,18.555025152765182,-0.1512471396817316,-1.7707954779801782,-2.243638996201399,0.15470743,0.1501061,1.0450559,0.90877295,1.126285,16,1.2629597,0.9332428,18.166906,0.0521372041762404,0.016246130258297048
3950103068766847872,182.522533673587,18.56464005179332,-0.3024890122948089,-1.811524541016699,-1.7633418765740512,0.18613483,0.17886238,1.0306621,0.71402967,0.76847,17,1.2425652,0.94877243,18.387571,0.0303676358128208,0.022773991990417828
3950103068766850176,182.5227462106863,18.562005435589462,0.3671326363324146,-1.872204054078436,-2.1787816238047344,0.30081537,0.27714857,0.95503217,0.0,-1.0577666,16,1.1676757,0.95257187,19.04752,-0.0448606783671894,0.020131989951184783
3950103068766853504,182.52084846209,18.56695653950538,0.0087337969243681,-1.5817010661698936,-2.11907613533359,0.13464741,0.13674317,1.0276803,0.0,0.70538324,17,1.22158,0.9828148,17.995798,0.0063134621958809,0.025299488751787974
3950103068766853632,182.51673743439747,18.56714426735127,0.8023362384800117,-2.33030955712316,-1.7165336532778088,1.3159138,0.8429497,0.94036597,0.0,-1.1622034,14,1.1720939,0.7964916,20.492104,-0.0273177762657728,0.026467039331370387
3950103068766854144,182.5181615521236,18.568774877365616,-0.7851500471659518,-1.8618230957120667,-1.9660168755107128,0.7077697,0.5640995,1.044251,0.110316604,1.0121382,16,1.4391364,0.5542717,20.014498,0.2566473365440589,0.02763437039815073
3950103068766854912,182.51527831625384,18.569483503059125,0.0299867036699165,-1.4998949729824966,-2.2927187296031697,0.46231872,0.34504443,0.99837804,0.0,-0.007247947,16,1.1283896,0.83405304,19.423395,-0.0740289309979194,0.02915225677818585
3950103068766856320,182.5156955926176,18.571480753873846,-0.4908536084779141,-1.725725435085821,-1.9067182401773743,0.56900567,0.428217,0.96847796,1.251196e-15,-0.6905102,16,1.2232798,0.75427246,19.722454,0.0271291552123422,0.03091418518590071
3950103068766960000,182.5178894639118,18.563437099864093,0.3355585584752305,-1.3147138471769182,-2.3439361192136974,0.597651,0.47182712,1.0340679,0.8858681,0.81028795,16,1.4551501,0.66781425,19.75727,0.2652746727805635,0.022585592178299904
3950103073061659648,182.5133248032208,18.55812946788684,1.1435598877218718,-0.9497429641536368,-1.816741912572204,0.86342174,0.7507109,1.0802152,1.3776258,1.7793072,15,1.3570275,0.6697273,20.152555,0.1670191992552834,0.019911553283101138
3950103073061661056,182.51774451484505,18.55634672771944,0.1904311689145026,-1.8742372471490536,-1.301894673491702,0.46027654,0.36854365,1.0449817,0.0,1.0436255,15,1.8500527,0.8000431,19.457676,0.6503609437105222,0.016077022768208583
3950103073061661184,182.51804046478813,18.55617274333838,-0.0779105453592029,-2.150994140513746,-2.3966212711254253,0.54655504,0.41057247,0.97926843,0.0,-0.39053124,15,1.6918308,0.78146935,19.538704,0.493593972977659,0.015789293337603337
3950103073061678976,182.5231368017382,18.5645762086131,0.1626719456773948,-1.5104955114738647,-2.3142837998183845,0.7406768,0.75087816,1.0269665,0.0,0.62324125,15,1.3447433,0.53780746,20.065123,0.1632420139968551,0.02265296234722972
3950103073061751424,182.519788099341,18.558236081280672,-1.3217658960801713,-1.5279792718808491,-1.5731119620533565,0.85290027,0.67447597,1.0054283,0.0,0.14573087,14,0.9006618,0.3652172,20.23416,-0.2703375378381067,0.017052103794890937
3950103073061752320,182.52232393697176,18.56320751167834,1.1123301586646708,-1.3209101125512397,-2.6751625811301976,1.492606,1.0759494,1.0908439,1.0091226,1.849927,14,0.8410419,0.98378944,20.624863,-0.3743135992142785,0.021375683963746485
3950103073061778816,182.52413329766105,18.56401033818522,-0.6299215825345568,-0.9194475034366272,-1.9823209331169485,0.9095982,0.7292954,1.0164025,0.7056428,0.39221597,16,0.975919,0.74121475,20.273561,-0.2192488854455567,0.022027395669303007
3950103073062078208,182.51786594575137,18.558469065643383,-0.6332708565784182,-1.5254166315007542,-1.751957195537901,1.2829934,1.0662086,1.0096706,0.0,0.21125053,11,1.0438279,0.8067341,20.621893,-0.1563939322912035,0.01794783700584874
3950103073062737536,182.51683743317625,18.55532138560764,-0.2679497753928503,-2.142061630644832,-1.5759781432023776,0.3105628,0.27024278,1.0178108,0.0,0.4291015,16,1.2455816,0.8493881,19.057884,0.0419073446168727,0.01562327787820832
3950103073062741504,182.515768523358,18.56314823413643,-0.0016518537148335,-1.6814212939379312,-2.1751354277610777,0.036272053,0.034099165,1.0316383,0.68052447,0.814118,17,1.2315427,1.1945982,15.506168,-0.0044239158050292,0.023075267454166215
3950103073063059456,182.5172798937484,18.555204007499825,0.0007950186897821,-2.2130654681626347,-1.9048650002765883,0.602328,0.49856776,1.0876168,1.8457184,1.8679227,14,,,19.685064,,0.015295288640347553
3950103103126590848,182.52763698345143,18.566708785617585,-0.4600113534589408,-2.499276873322809,-2.321689619078,1.1355389,0.81257695,1.0134164,0.0,0.3120151,16,0.96587116,0.6210499,20.446056,-0.2208420959090221,0.02484909995188563
3950103103126591744,182.52900093489689,18.56755596217854,0.9208755570569866,-2.2375704300610963,-1.963344126703056,1.2173264,1.0246947,0.99312246,0.0,-0.10046523,15,0.89290935,0.25992012,20.5852,-0.2724092569894782,0.02586725116667876
3950103103126593792,182.5236519925776,18.56990720846631,0.2460382495651539,-1.2150220092361486,-2.400381404189287,0.5388968,0.45076078,1.0369629,1.116863,0.8716615,16,1.3371403,0.79727745,19.621542,0.137666726134283,0.02793974603307816
3950103103126594048,182.5298258666664,18.570887951643147,0.3482127249147912,-2.0906515476469423,-2.393361302005242,0.746365,0.64059347,1.0319308,0.5560779,0.71796066,16,1.2059993,0.6379051,19.971949,0.0181654279363689,0.02928826965217775
3950103103126595456,182.5291819772142,18.5730671765881,-0.0398099632369517,-1.731812266000476,-1.9873075908302489,0.07141853,0.0663895,0.9898123,0.0,-0.21666978,17,1.2405325,1.0440025,16.785843,0.0195647226354465,0.03134738257934962
3950103103126596480,182.52823955060404,18.57524076017725,-0.2651927248768959,-1.6234103805682978,-2.23769752851927,0.6615459,0.4998904,0.98672885,0.0,-0.2695545,16,1.246979,0.49288177,19.8284,0.0681322665235555,0.033398245841321304
3950103107421720576,182.5241385933222,18.578480588867645,-1.2425199528580249,-2.229539347051699,-1.4419231174089673,1.5780585,1.0138532,0.9660905,1.4355131e-15,-0.6415548,15,1.2493775,0.9866524,20.660994,0.0337603303479063,0.03649075753659582
3950103107422481408,182.51819125626955,18.57338896150361,-0.0303142262907845,-1.9888398272870225,-2.010180769869871,0.4601154,0.35761905,1.0270416,0.41150546,0.6487289,16,1.2473438,0.9266529,19.421753,0.0371000329392832,0.03211893359783476
3950103137486329472,182.5474931842033,18.567309171691807,-0.9269288215555908,-1.4635020478153045,-2.016090546320008,0.71567124,0.5826008,0.972338,0.0,-0.58374697,16,1.1423484,0.73147583,19.998478,-0.0520945360532623,0.033859969098157576
3950103137486334976,182.54321038553863,18.57572650032334,-1.706664215227569,-1.7921155213628677,-2.064816330205568,1.0086495,0.8454732,0.98740524,0.0,-0.22263847,15,1.3043835,0.3440132,20.446405,0.1345856620051726,0.0383287746415866
3950103210501697152,182.5443551894487,18.580798254840605,0.0378145921617963,-1.671102473494032,-2.089825308918475,0.07055932,0.06596001,0.9554612,0.0,-1.0869355,17,1.1810675,0.42846107,16.853243,0.0063121369596663,0.04335813576794561
3950104443156396800,182.59146814634417,18.58379941838268,0.1704119073221437,-1.677716984072575,-2.181969676900105,0.07862008,0.063677065,1.0238794,0.48376134,0.61076164,16,1.1850098,0.33800697,16.98326,0.0155470229394054,0.078518824848308
3950104683674569728,182.58126869504488,18.60054395725308,0.1821486344256092,-1.900447224511428,-2.188694412983579,0.122238286,0.109400935,1.1053537,1.1949307,2.5603447,16,1.2159157,0.9944496,17.635462,-0.0004167677742892,0.08120074490362623
3950104855473267328,182.57540397593343,18.620476033189085,-0.8693053602781455,-1.39287506473528,-1.9323695388839952,0.52295053,0.37791845,1.0457932,1.0731283,1.0867664,16,1.1310124,0.9238701,19.466127,-0.0789878378119273,0.09326869021805227
3950149454413746816,182.4671793278005,18.53819381821095,1.1330811529390337,-1.4613479670594811,-2.2897440967519325,0.6314813,0.5021799,0.92166317,0.0,-1.9143138,18,1.1873872,0.5230789,20.06505,0.0067512922587222,0.05794581221636889
3950149488773361152,182.4703762125787,18.542898238682938,-0.1576262984693896,-2.004027857847957,-2.3128732935535408,0.24673493,0.21924971,1.0033387,0.0,0.109769784,18,1.227828,0.8603649,18.944494,0.0232449935290344,0.05463117228266317
3950149488773363328,182.4685685386445,18.54725108308432,-0.0220982923146592,-1.7791395675818575,-1.91106003189098,0.32735714,0.24877788,1.0439224,0.32286304,1.0565112,18,1.2181308,0.829319,19.086859,0.0160966437707048,0.05667524772135929
3950149591852579456,182.48666626599413,18.548704167120324,0.2831809775513405,-1.573581746845923,-2.16810856659742,0.512091,0.3829038,1.0535408,0.0,1.2417797,16,1.180167,0.83395195,19.634892,-0.0222433069229495,0.03891556269168345
3950149591852583168,182.48721538670577,18.554857381211185,0.1684643627848614,-1.9355238573229523,-2.568388203542189,0.25224313,0.22332911,0.97176963,0.0,-0.67356855,18,1.2344159,0.9796715,18.976934,0.019435857244235,0.039912269459460706
3950149591852587008,182.48194985404683,18.56016697672609,-0.1383278290817548,-1.131467262555782,-2.1340445386511533,0.15687741,0.1355265,0.98035437,0.0,-0.46734142,18,1.2170814,0.9070034,18.257074,0.0085462546708798,0.0467263748856666
3950149591852707072,182.47523087975145,18.55429947950346,-0.0676048422464411,-2.477804429875812,-1.9727719902739729,1.190253,0.95619595,1.0109683,0.0,0.24334624,15,1.4501687,0.6183815,20.539803,0.2636308613355167,0.05126638788105867
3950149596148385408,182.48742864524675,18.5496393038453,0.1596395906027256,-2.0690237945275225,-2.3399859906502245,0.7527609,0.54221904,1.080588,1.1911272,1.8327613,16,1.1467392,0.5766964,20.036406,-0.0371296389261215,0.038340131210464874
3950149626212340352,182.4852051831881,18.56494861868892,0.0675201384933217,-1.6790028559271863,-2.11449536164128,0.085020125,0.069452934,1.0322323,0.76010716,0.81759995,17,1.2158327,1.0264511,17.111933,-0.0034757282909871,0.045937637562488
3950149630508223360,182.4964262190849,18.56040963698776,0.123446039288187,-1.5804602634218448,-2.191225100149089,0.17025654,0.16067797,1.0424008,0.5298496,1.0485263,17,1.1982901,0.8990612,18.295887,-0.0095617046219096,0.03399081772781822
3950149664867862912,182.470213369704,18.55792186326611,-0.0695322257742295,-1.6528023441429984,-2.148784679333529,0.059542302,0.04803384,0.96453494,0.0,-0.85270053,18,1.2294631,1.0816336,16.487255,0.0048737927476163,0.05705331356771519
3950149699227707520,182.4887469407251,18.577884319804088,0.1186741815190904,-1.5310498034026674,-2.2825012561936604,0.20312098,0.18979266,0.97792965,0.0,-0.50193214,17,1.2228932,0.964262,18.524704,0.0093084887041419,0.05100949631776687
3950149866730515712,182.45265040379613,18.57504172430788,-0.3210463370850946,-1.894998605370978,-1.4030497632408752,1.2199769,0.6648382,1.0791825,1.7266324,1.6897202,14,1.0939293,0.6177292,20.13126,-0.0925657403276061,0.07953753589408011
3950149969809736832,182.4617080030964,18.59421694096857,-0.698680766909998,-1.2003629735941033,-2.136663670563736,0.7975431,0.6062341,1.0348172,0.36452386,0.8157237,16,1.0869633,0.782177,20.124994,-0.111328512013616,0.08205172634480039
3950150004169467904,182.51372542798504,18.573515426451905,0.409136951181457,-1.5507840349431832,-2.204971834776232,0.35983196,0.27156195,0.9737516,0.0,-0.5933948,17,1.1445022,0.83935547,19.09226,-0.0583486937357469,0.03347145169493065
3950150004169469696,182.5062156604721,18.57619228860313,-0.0002865238530533,-1.1034719506306685,-2.17033519178763,0.4451966,0.33769482,1.0260594,0.22297606,0.62952363,16,1.1573708,0.9213581,19.38368,-0.0524100452698534,0.039012357163078326
3950150004169471232,182.50832510175903,18.57917473564329,0.3727164055167875,-1.3236573791311288,-2.651040902357702,0.5832052,0.40818852,1.025437,0.0,0.5972905,15,1.1816584,0.82157516,19.647038,-0.0197503520442854,0.04074325958358342
3950150008464468992,182.5099217519,18.57620436211747,-1.3997624490352112,-0.941924776453685,-2.2800241281346585,1.1487063,0.8232695,1.0460596,0.7224808,0.9800761,15,1.1346269,0.5676594,20.384272,-0.0486811479752353,0.03738036855928377
3950150038529212416,182.51975088584803,18.58709230973782,-0.3819477302122259,-1.838552464366768,-1.806968299718969,0.3099506,0.27943775,1.0465047,0.025136916,1.0637965,17,1.2011814,0.91244125,19.01124,-0.00782403460468,0.04539680161500174
3950150042824333824,182.51505415474125,18.57698027022656,-0.7465897394229632,-1.5489920442317395,-1.8015527250638783,1.6834161,0.9478341,0.9316066,0.0,-1.3435158,13,1.1369119,0.18088341,20.625538,-0.0246129594887629,0.03636673126683457
3950150072888949632,182.500232404358,18.58417416585163,-0.1107947310325962,-1.8308362374056315,-2.347564289612334,0.3277922,0.28325436,0.9922946,0.0,-0.15627715,17,1.1769084,1.0248089,19.143715,-0.0422457499250572,0.04890903862443359
3950150107248795264,182.51278104691104,18.59114167763733,0.5505162355453732,-1.171228267828146,-1.5954960496322317,0.73280704,0.5951754,1.0007349,0.0,0.046528466,16,1.2179296,0.7474804,20.051,0.0222916793783647,0.050638002484314965
3950150317703086720,182.49985942285653,18.599193647098552,-0.4648450473888407,-0.8663537186161797,-2.014028412593912,1.7714217,1.0841407,0.94986206,0.0,-0.89053005,13,1.474094,0.60199165,20.693083,0.2886216055268986,0.06247529021573686
3950150420782215168,182.5123030570085,18.61104088967992,-0.1362387501579401,-1.612712189697327,-2.0930136232551586,0.08042792,0.07510668,1.0270443,0.0,0.6576505,17,1.1482232,0.27771187,16.989119,-0.0180050128368034,0.07019869520955739
3950150450846082176,182.5199652024535,18.621496124973163,-0.5672510233164488,-1.3605324587037542,-1.4102148180868368,0.6131064,0.5202564,0.94076073,0.0,-1.332646,17,1.1963875,0.81658363,19.93891,-0.0046203375007556,0.07965540202699838
3950151653436921088,182.54195074365663,18.609483881997143,0.654259930456613,-1.6397602829005564,-2.815623132550286,1.0692967,0.8010498,1.0734898,1.5537322,1.5276694,14,1.3284737,0.5146847,20.212643,0.148323232087099,0.06958018424750399
3950151657733114496,182.5514247765109,18.60810349985412,-0.0949624079527247,-1.7820616696330696,-2.501576013826492,0.5459718,0.40639582,1.0024372,0.0,0.0854056,16,1.2088997,0.7334385,19.592785,0.0143112197705428,0.07118947609453889
