SOURCE_ID,ra,dec,parallax,pmra,pmdec,pmra_error,pmdec_error,ruwe,astrometric_excess_noise_sig,astrometric_gof_al,visibility_periods_used,phot_bp_rp_excess_factor,bp_rp,phot_g_mean_mag,phot_bp_rp_excess_factor_corr,gm,Mem_Prob
3950102931327879040,182.55650664981133,18.55677360886621,-0.2546781813856767,-1.9107005333259104,-2.036851406047838,0.6150107,0.46759996,0.9717505,0.0,-0.61279845,16,1.1147954,0.57504654,19.810244,-0.0689705797699189,-0.1728024376684461,0.9176618410589809
3950149694931821312,182.4851275772789,18.57041626231863,0.4231200193945753,-1.92674627721542,-1.4125482305469346,0.7292338,0.67533684,1.053781,1.7554218,1.2607636,17,1.1901371,0.63778114,20.160704,0.002311548431654,-0.9398654034859202,0.9575773853279852
3950149699227707264,182.48967680785552,18.57691677154579,-0.0338377608252507,-1.7022005020847062,-2.1851793965920647,0.077340044,0.07366735,1.0336808,0.0,0.8423563,17,1.1554557,0.281847,16.996841,-0.0109868485406883,-0.0005441982821003,0.98875349489719
3950004147080198656,182.5273973114992,18.41453003490373,0.2488028183536713,-1.985258895232014,-1.88372873428558,0.4836859,0.380272,1.0365158,0.0,0.88860095,16,1.1037246,0.29346085,19.481575,-0.0633258315195708,-0.4560568799975567,0.9172599054058486
3950007312471366144,182.52609295029995,18.452583436081845,0.0664078086721047,-1.6135401628990278,-2.1401106749056047,0.19272348,0.17619012,0.9671568,0.0,-0.7761484,16,1.2053474,0.9422951,18.468147,-0.0062747156632336,0.0147856828053939,0.975235588594305
3950053247146226176,182.33474931424576,18.41339854467096,0.7256272850639741,-1.8457737118486373,-2.01412449903235,0.24181831,0.21109244,1.1216336,1.5033978,2.7701437,17,1.299946,1.2729836,18.64502,0.0556589335460784,-0.1436797612346932,0.9676406217867384
3950054965133165184,182.35618760919263,18.46179870041799,1.022081557415703,-1.6070018234227514,-2.2015497814005904,0.33776894,0.2863109,0.99432594,0.0,-0.09367825,17,1.1502177,1.0111217,19.109015,-0.0676571472256737,-0.0040093975918005,0.947769438253422
3950055583608567808,182.43070897691288,18.516173618618364,0.3738823007667402,-1.4626667316514954,-1.938280504858771,0.61844033,0.4600636,0.99259627,0.0,-0.14169957,17,1.1937435,0.6629238,19.903822,0.0042064982120186,0.2579027650523754,0.9141917519902004
3950073485032207616,182.2517701429445,18.695059170031943,-0.0716678705641526,-1.7942832511518363,-1.6806761341246008,0.7340845,0.53543293,1.0418195,0.91755617,0.94949496,15,1.2069204,0.75032043,20.109716,0.011068493273036,-0.2906966323303031,0.907621695235142
3950098812455180416,182.63582869311983,18.50392272246993,0.0021612747459933,-1.7894768430708918,-2.177636386858453,0.07198578,0.057253014,1.0517385,0.0029714096,1.2400868,17,1.2229941,1.0485516,16.860706,0.0015931319752608,-0.0064734311954751,0.9774930845708552
3950101144621451136,182.5373634497945,18.46506170350118,0.5959718922683344,-1.787461479450524,-2.1930076023902467,0.7395909,0.662686,0.97312975,0.0,-0.5660952,15,1.1661202,0.84523964,20.013739,-0.0372127593294218,0.0019185993779139,0.902616362510506
3950101488218840192,182.55480226291584,18.49799428928529,-0.0416188840826108,-2.0103611133375354,-2.1971950412318817,0.2807055,0.2414012,0.931416,0.0,-1.6139636,17,1.2404308,0.9042759,18.853703,0.0321308005746991,0.0124992960195045,0.939033929493956
3950101526874405376,182.56000962896505,18.50971183874619,-0.0483398670694192,-1.711085435261416,-2.0798991186235485,0.064955615,0.057757474,1.0558342,0.0,1.3420173,17,1.2305895,1.07971,16.54293,0.0061874043783725,-0.0186673405479395,0.9974061376681098
3950101561234142720,182.5352530593518,18.51209029409064,0.0655114454387559,-1.6060759073484148,-2.116224844266068,0.090894796,0.08613407,0.96853346,0.0,-0.75827247,17,1.2199435,1.0184078,17.257404,0.0013891019736145,0.0245783685714621,0.9887454753153048
3950101591298060032,182.53964346704672,18.514270828369657,-0.1906653766420557,-1.5396940437094715,-2.1394635363731727,0.1511015,0.1371639,0.98391324,0.0,-0.37693208,17,1.2821498,0.92837334,18.093447,0.07175521823232,0.0327677424740467,0.9729755305926008
3950101591298062592,182.55255685016004,18.519326503527022,-0.1583708481739925,-1.9167992913613423,-1.9433997801030425,0.15839384,0.14423458,1.0572127,0.59537727,1.4156017,17,1.1998495,0.9201317,18.097261,-0.0098243854833997,-0.2858624775338572,0.9557361356260096
3950101591298063104,182.5484538638524,18.51994419542013,0.2011027098244311,-1.792726100494447,-1.6726728320908442,0.29858446,0.27346858,1.0019531,0.0,0.07444079,17,1.2099526,0.9698715,19.023077,-0.0041382859738328,-0.2913913486101553,0.9315086210747936
3950101728737013760,182.5868400985724,18.515062428089035,-0.3334847981679169,-1.5690591163350205,-2.230822986157713,0.27836025,0.24912758,0.9838234,0.0,-0.34294435,17,1.1730007,0.9030018,18.904358,-0.0351896252335657,-0.0212716879281962,0.9514894334660592
3950101934895447808,182.5767413807872,18.52097308682616,-0.1816799369675035,-1.7541836389864598,-2.067272155865909,0.39425272,0.2961973,0.9532743,0.0,-1.016796,16,1.2004228,0.9013443,19.130804,-0.0076250100306356,-0.0461953717296458,0.949301317716516
3950101969258848640,182.5607252177101,18.53317429283497,0.3641375160401122,-2.216228215370598,-2.048523098949251,0.5365619,0.39588076,1.0149113,0.0,0.35010555,16,1.2704482,0.7640362,19.548342,0.0735546939421178,-0.3670876813703295,0.9070930455071288
3950102106694154624,182.58362265196885,18.54977700987052,0.145270190790329,-1.6171659798568605,-2.228103236171226,0.19351517,0.17006621,1.0118297,0.0,0.31069052,17,1.1808503,0.9337635,18.389593,-0.0300180455503908,-0.0109106369063019,0.9672150101009888
3950102209773345792,182.51663387157248,18.49686469883549,-0.2625290626307072,-1.880665115694349,-2.1916417902691165,0.20522912,0.19110566,0.9828375,2.3323137e-15,-0.3921385,17,1.1988617,0.9808407,18.578728,-0.0162248353595,0.0021700146963259,0.963203341075812
3950102209773347840,182.5151421707141,18.50657178263588,0.0136785811371426,-1.737525210656408,-2.0272791073638707,0.13840403,0.11809496,0.9772779,0.0,-0.51158893,17,1.206054,0.9950886,17.82205,-0.0103372594393491,-0.0482980518794109,0.9886462495642316
3950102244133086464,182.4960349261668,18.50730366655284,0.2612149947316817,-1.7194957705107945,-1.8281083843436607,0.574873,0.3902831,1.0452111,0.034680422,1.0429875,17,1.267232,0.7899437,19.70484,0.068334377813239,-0.0762203033670688,0.9273675583073936
3950102282788648064,182.5059329985864,18.52245003667712,0.0603457335507839,-1.6841664358663253,-2.116585146010257,0.103466496,0.094806425,0.9964784,0.0,-0.05580919,16,1.208454,1.0161285,17.418613,-0.0098874573825575,-0.0029634047871561,0.9925274263978108
3950102312852605696,182.5263831388598,18.523690657721065,0.1829681660506128,-1.9395980082486333,-2.09572430109175,0.3808893,0.29101434,0.9952178,0.0,-0.08069783,16,1.1511251,0.90563583,19.159811,-0.0572920811453037,-0.1191849236858431,0.9442805566802946
3950102317147499392,182.53030766597803,18.51132969108756,0.1535245936175164,-1.4630041851040871,-2.276183323386079,0.6996666,0.56787074,0.99630713,1.2945734e-15,-0.050759155,16,1.1017861,0.58724976,20.062096,-0.0827457060866927,-0.0889246741752454,0.9010681957615174
3950102317147527040,182.52784212662183,18.5220193280124,-0.4027046371938394,-1.8973482435324984,-2.219426374218984,0.68876916,0.582889,0.95231295,0.0,-1.0183014,17,1.0791289,0.6450825,20.102547,-0.1091887259590953,0.0320230307714797,0.9059805806156574
3950102317148387456,182.5313942531141,18.51817822155399,0.0382397973487276,-1.6801579543084244,-2.097324008552127,0.02806158,0.024201676,1.0328407,0.25593203,0.8156318,17,1.2467223,1.3034554,14.753203,-0.0008891292071246,-0.0019671673064024,0.9988992860170004
3950102347212305920,182.53720735514773,18.51724279889655,0.1378563700075987,-1.8054964616651443,-1.7024602317826911,0.79411227,0.5567085,1.0140362,0.0,0.3354998,17,1.5133713,0.657114,19.999084,0.3242340083561978,-0.3045670480958952,0.904338509896363
3950102347212311552,182.5438515626043,18.525464520067167,0.1111199157297744,-1.609827596175638,-1.8049378118437485,0.24393362,0.22334737,0.96009207,0.0,-0.92958415,17,1.2267166,0.92407036,18.748995,0.0166988540109387,0.122118598126969,0.9528759409095136
3950102347212337792,182.5348964525595,18.529906529223435,0.070712731717109,-1.8867510444244653,-2.1059747445422703,0.08840899,0.08027093,0.9456199,2.3602946e-15,-1.2941309,17,1.1387651,0.07034111,17.134714,-0.0181301624235894,-0.0848902112668218,0.9650476060288374
3950102351506933632,182.5328978772181,18.528706963945645,-0.2636784254877269,-1.5490687237586034,-1.8344614115250308,0.26478046,0.24347742,1.006621,2.3441832e-15,0.18786702,17,1.3322138,0.8967285,18.881355,0.1245618993630683,0.2166892659900217,0.9495276962944602
3950102351508126592,182.5357510544101,18.52151613702637,0.0096923575823295,-1.792671096064024,-2.0359568411292845,0.108448215,0.093502,1.021071,0.20442712,0.543173,17,1.1391367,0.006937027,17.417114,-0.0154591305207283,-0.0865062786666809,0.9903856003317272
3950102351508223104,182.54165987778885,18.530180094278148,-0.0121826200811025,-1.751756336472074,-1.932297516322044,0.0747329,0.06691893,1.0186279,0.44059324,0.47201705,17,1.15488,0.21138954,16.74521,-0.0080613626426864,-0.0942232486564945,0.963384803428732
3950102381572080640,182.5226403112476,18.52698993910015,0.3459640954885488,-1.608443861631207,-1.962202404920956,0.21059673,0.18400446,1.0115688,0.0,0.3018514,16,1.3407005,0.9165745,18.497635,0.1313362914927989,0.0736871243978278,0.9724184489752404
3950102381575708032,182.516906892202,18.53076296207168,0.0423573699278951,-1.4462114971181748,-2.133874488024934,0.13020338,0.14673172,1.0046527,0.0,0.14008346,16,1.2389235,0.9825554,17.894466,0.023680629018483,0.0614681255721703,0.9108452371777748
3950102385866656000,182.5132731502592,18.52430177869147,-0.0853834263775723,-1.700750644320364,-1.8371494855788493,0.14535873,0.12986617,0.9725023,0.0,-0.64238495,17,1.2025994,0.9660263,17.993767,-0.0111442948797553,-0.0424865382658556,0.9535828719211744
3950102385866657536,182.51091458378508,18.52750930599908,-0.4140800224836224,-1.3363703740666415,-2.0183963225541985,0.5984949,0.42229185,0.9907141,1.2813496e-15,-0.17623626,15,1.2588403,0.8435154,19.670937,0.0556488471737075,0.2797506071696838,0.911658764875098
3950102385866657664,182.52219875278087,18.523058136029142,0.6161853438191772,-1.7141247612646218,-2.1774361067468964,0.6525242,0.5366368,0.9199735,0.0,-1.7843908,15,1.1097345,0.70965576,19.813782,-0.0831092684212673,-0.0022222515726291,0.9115009053147152
3950102385867863424,182.5124669669445,18.52050571376224,0.0034470110567968,-1.583891165247277,-2.2384519322848435,0.108211905,0.09345786,1.0838854,1.1242276,1.9864968,16,1.2149628,1.0089607,17.362171,-0.0027111386662685,-0.0216904327461176,0.9453312589435364
3950102385867864064,182.5218679671993,18.52213355934104,-0.1299162770590822,-1.8337058733598184,-2.1639363966112684,0.12961237,0.11834712,1.0421883,1.4075104,1.0534811,17,1.2159737,0.9699631,17.740992,0.0018745316705508,-0.019421206906167,0.9799046878164912
3950102385867864320,182.5168728133114,18.52545242049701,-0.1446569948551523,-1.4655197717267507,-2.02493005999497,0.24004011,0.24747258,0.9508295,0.0,-1.1322184,16,1.1984483,0.99181557,18.683537,-0.0176420954385447,0.1666663849532276,0.9501977311894172
3950102385867864704,182.5214417711041,18.52670680452505,0.0181928679910008,-1.4471389575010591,-2.01458584417819,0.29016066,0.25255904,0.984581,0.0,-0.3411527,17,1.218179,0.9274483,18.99014,0.0078655319470142,0.1926357736959541,0.9470127539381736
3950102385867864832,182.5154981144876,18.53001544128312,-0.1228257194107287,-1.7077825569294192,-2.0839377123761613,0.07576515,0.08330197,1.0279849,0.0,0.70075583,16,1.1795272,0.4759922,16.924314,0.0017790375437276,-0.0162996765678569,0.9956848169163384
3950102385867865216,182.5178211173705,18.53045503335106,0.0460848036817309,-1.748634535541159,-2.208546844721322,0.11771758,0.13396788,1.0446489,0.5783178,1.0951225,16,1.2836515,0.9801483,17.678204,0.0686280400919927,0.0067119577392647,0.982555822282845
3950102385868273536,182.51725707250827,18.518355852373023,0.7042722202034446,-1.3002756455228848,-2.0689486979447818,0.7281862,0.50922924,0.97982347,0.0,-0.42576295,16,1.3184525,0.6277771,19.812029,0.1312945870804449,0.2180329173646124,0.902570304568275
3950102415931813248,182.52295800982665,18.53096646683456,-0.0672649678897177,-1.6473829451479596,-2.0296800900764698,0.06906744,0.0649993,0.9860422,0.0,-0.32098034,17,1.275213,0.50751305,16.860928,0.0954727870504783,0.0218242625192177,0.9940223949772348
3950102420226399488,182.5258105528612,18.52694900315443,-0.5776673742868244,-1.352685627868136,-1.8417786418698343,0.5175514,0.35214382,0.9973258,0.0,-0.032634538,16,1.1411257,0.80545807,19.453459,-0.0589947999915716,0.541272757568966,0.9030085702553372
3950102420226401152,182.5242801228531,18.528793337454704,0.160003144851082,-1.93055963318026,-1.9044200228752883,0.6754836,0.48683637,0.9634361,0.0,-0.79284394,15,1.0951109,0.71721077,19.797361,-0.0982826255180178,-0.3500523228304958,0.9089282881870444
3950102420226408320,182.52504181889017,18.53182860526669,-0.8809217180388992,-1.856083713299346,-1.5921954593662626,0.66390973,0.46738747,1.0383689,0.58695203,0.88565975,14,1.9781266,0.70586777,19.653616,0.78555689548066,-0.519138575825735,0.903433773699644
3950102420226410624,182.53162976765523,18.52927663220493,-0.414940648460624,-1.7281394050119527,-1.5702305999512514,0.6388499,0.49151546,0.99317485,0.0,-0.121874854,16,1.4028544,0.7646885,19.70589,0.2059110210927368,-0.15641189513001,0.9129643829248776
3950102420226472320,182.52200136620365,18.539147261314287,-0.0082070647604224,-1.7869717440810355,-2.0971890583176704,0.04413147,0.04139937,0.9607229,0.0,-0.9412819,17,1.274392,1.1234255,15.965118,0.0456806495756851,-0.0494615532875487,0.9936753582635504
3950102420226485888,182.5276948935267,18.53791224986787,0.1736360350378072,-1.8746157066013915,-1.7804910779118408,0.23148583,0.23971096,0.990092,0.0,-0.22428486,17,2.1503155,0.7744465,18.803982,0.9526224264331968,-0.3919941548661511,0.9410163933069272
3950102420226561280,182.5345239230336,18.53175147615053,0.0438606515374561,-1.8199407609693927,-1.840750461875276,0.5108812,0.36195767,1.0315286,0.06627275,0.7298171,15,1.2978241,0.7382126,19.395285,0.1028804230184154,-0.2423521133846482,0.9299805650419856
3950102420226563968,182.52093496289524,18.53841394927335,0.9133756985489307,-1.8407635097738595,-1.643723016789414,0.47836402,0.37693027,0.9614627,0.0,-0.88636243,16,1.6361583,0.58712196,19.490963,0.4516345742812981,-0.4340568398810117,0.9172123012262552
3950102420226568320,182.5319839789406,18.535091028627228,0.0366148653254339,-1.6934988338647576,-2.488911585552607,0.48763993,0.3787185,1.0540265,0.9242408,1.1893091,15,1.6480595,0.7931652,19.347359,0.4489093463537907,0.0256492347115914,0.9011696583109836
3950102420226572544,182.53153373170105,18.537413234167225,-0.0015498400114464,-1.7040717671040566,-2.10257496364438,0.07033297,0.06704614,1.0360903,0.5235388,0.9116693,17,2.3291867,0.97404003,16.759212,1.1147183548932131,-0.0118668564353144,0.9965009742213428
3950102420226572800,182.53051363019927,18.537017978781662,-0.7791328399360633,-1.5257014294557822,-1.5010803058504727,0.57669044,0.46193993,1.0304247,0.08075021,0.72335815,16,,,19.719402,,0.4977136413682663,0.9058020659615184
3950102420226577792,182.5326028618641,18.53726137470987,-0.1596773619126289,-1.7931767015728075,-1.7235287768735736,0.6975498,0.54020405,0.986136,1.2368962e-15,-0.29029778,15,,,19.894032,,-0.2637270887944093,0.909976335091223
3950102420226585344,182.53121474073555,18.5401274463638,-0.1303551672513918,-1.6616483807885878,-1.8442691619769007,0.15086143,0.15382873,1.0481508,0.38439524,1.203098,17,1.353301,0.8548775,18.153782,0.1491733157986245,0.0234206239419498,0.9655324318272024
3950102420227605120,182.5273700330292,18.52995518956338,0.0227791576861584,-1.771560676429043,-2.0875832362799183,0.09976045,0.09146748,1.0169826,2.3977948e-15,0.42958826,16,1.2640476,0.98924065,17.35562,0.0481934185645156,-0.0470460659674836,0.9925963085920476
3950102420227605632,182.52245972451624,18.53286832802899,-0.2645200998560766,-1.4803220847936958,-1.871067409820756,0.19360824,0.18860227,1.0480578,0.5426756,1.2325934,17,1.8461078,0.89694023,18.501211,0.6384377698749724,0.2998288205991387,0.9384505778021948
3950102420227606016,182.5205600168876,18.53450322829904,0.0446043389280327,-1.7153297229785156,-2.2391764036928903,0.07798179,0.07035895,1.0430381,0.0,1.0757083,17,1.2062615,0.4908123,16.997627,0.0275503637720675,0.0094918930499893,0.9519110452928148
3950102420227640704,182.5264436410511,18.53716521889308,-0.0031066406684378,-1.7155588745848058,-2.055948613985836,0.06784474,0.06308588,1.0996612,1.7732763,2.4453406,17,1.4662904,0.45758247,16.638193,0.2897187111483505,-0.0256267740004608,0.9968843612846768
3950102420227656960,182.52926572428623,18.539181352792315,-0.0713890386348299,-1.8285889088249527,-2.083208127577186,0.07480802,0.07314016,0.9545782,0.0,-1.092067,17,1.2848558,0.2863369,16.964752,0.1181792770603249,-0.0782652054430873,0.9872495826676808
3950102488947078912,182.4973437612559,18.53002770070778,-0.1973088953629184,-1.864022725605745,-1.9862524731000504,0.06948961,0.06445477,1.0341525,0.12185082,0.86176586,17,1.2081023,0.52765656,16.998222,0.0271992861005936,-0.1843923789015648,0.9151894036191524
3950102519011002240,182.46288816140063,18.52346218199595,0.1076857310302369,-1.938196546692436,-1.4169658724852416,0.41568816,0.31398633,1.0143652,0.26880747,0.3473476,16,1.1236771,0.8901348,19.331736,-0.0834117139556045,-0.9771493643701746,0.999999870085456
3950102587730482816,182.5050446073531,18.53106284329588,1.395688755909098,-1.6008217908190845,-2.329908149183672,0.54364663,0.41493237,1.0505778,1.3147337,1.1943185,16,1.172681,0.73349,19.581453,-0.0219113030430313,-0.0507074074716474,0.9140272889561908
3950102420227699968,182.5310392182624,18.534873082080573,-0.0076764917313013,-1.6369338519181709,-2.044278287066594,0.034610655,0.03291328,1.0412554,0.60667133,1.0454836,17,1.2395698,1.1998167,15.402133,0.0030598253455267,0.0271404982637175,0.9872314268763884
3950102587730507776,182.5116878414096,18.53301051976085,-0.0380940956630851,-1.572631280788047,-2.028842239174531,0.08489619,0.08403726,1.0491208,0.70945406,1.2400709,17,1.1343281,0.048683167,17.137348,-0.0217525260439543,0.0797974183231579,0.9798992816498028
3950102587732824064,182.5072910896493,18.53337886151304,-0.050771649754636,-1.6984784251319065,-2.0761850926042134,0.06817028,0.067660384,1.0468676,0.0,1.1848372,17,1.1902181,0.66640854,16.817055,0.0004401334834764,-0.0124187415895483,0.9967846957815126
3950102587734401152,182.5075734060791,18.53533496146627,-0.0626396591385287,-1.7050784773986312,-2.03053796546843,0.089784645,0.086158365,0.9370165,0.0,-1.5427653,17,1.1499674,0.046308517,17.297413,-0.0060257485766326,-0.0224784608150908,0.9941029305047776
3950102592025089792,182.5093827441901,18.53197838230458,0.2078209485815719,-1.8174582615643893,-2.2752091347140664,0.5936181,0.45701885,1.0002304,0.0,0.034174196,16,1.0894411,0.6441002,19.807602,-0.0988100885366083,0.0585825278194834,0.9138908542097588
3950102592025091840,182.5102858501365,18.534410700148488,0.0538254493807183,-1.6746835614187665,-2.1760325316654443,0.09436565,0.08477679,1.0544924,1.2022023,1.339322,17,1.2127682,0.06328392,17.18326,0.0561417107640767,6.745272812515265e-05,0.9885686087057226
3950102592025098496,182.5046558597936,18.5396902542826,-0.1673186937541775,-1.483953988208845,-2.3319670520200533,0.5904692,0.4244263,1.0605301,0.65899104,1.3856436,15,1.6266956,0.7433548,19.622984,0.4313674917625083,-0.1317243939785028,0.9067511209539156
3950102592026293888,182.506495830946,18.52601624897976,0.0661085788779364,-1.7040101751722194,-2.1034595098505835,0.054482285,0.05278927,1.0166858,0.22157668,0.4322632,17,1.225428,1.0976591,16.297411,-0.0007296229373825,-0.0117204991885105,0.9977446701118304
3950102592026295296,182.50827465798216,18.53457570547381,0.009700951300081,-1.7026854039581294,-2.1305321321533226,0.062285118,0.058806844,1.030099,0.0,0.7702009,17,1.2305387,1.057723,16.615713,0.0082605126277206,-0.0076541398126269,0.9961986621784056
3950102622090240896,182.5168760407444,18.54809818817277,-0.0041641113885688,-1.7110475304918256,-2.1142498023550567,0.022215292,0.020123377,1.0188525,0.0,0.4954451,17,1.2604152,1.3811884,14.354553,0.0041047945433878,-0.0128000058468056,0.9986293562734352
3950102622090244096,182.51918319019904,18.54321801461111,0.0979123326962827,-1.6744930622148295,-2.383701869996214,0.21127473,0.18669982,1.02183,0.0,0.55408293,17,1.5674632,0.82605934,18.51704,0.3656928059272457,-0.0011553074578468,0.9234725387757023
3950102622090249856,182.51015336159148,18.54466291210202,-0.0077223772164085,-1.595146926683234,-2.16748117280786,0.18944304,0.2135378,1.0173266,0.0,0.4444348,16,1.1963121,0.95658875,18.47341,-0.0165835016493314,0.0085295506665526,0.9692978564813728
3950102626384845952,182.5115281840033,18.53985374761912,0.1852357062815736,-1.9247667729600229,-1.939149299315429,0.5213806,0.4643098,1.0357426,0.11002589,0.7947697,15,1.3486146,0.7595005,19.528362,0.1520670371206294,-0.3004118367978799,0.9197992349558372
3950102626384847872,182.51861813526784,18.53747474798641,-0.0765618859605289,-1.7868993542721232,-2.0235733968349785,0.1959141,0.21284072,0.96604663,0.0,-0.78587914,15,,,18.459724,,-0.0888716696184268,0.9747610836998584
3950102626384851072,182.5148846502036,18.54027816733552,-0.4786842728752722,-1.5210096547834788,-1.7220732844079751,0.4951325,0.44655672,1.0264446,0.0,0.62078816,14,1.8410724,0.8070755,19.511013,0.6408234370526662,0.3484953664759863,0.9185392779803424
3950102626385007360,182.51773685070185,18.54410647790872,-0.5426810527523318,-1.4592644664479806,-2.0549228108996576,0.20572849,0.1898828,1.1097062,1.4131691,2.6588514,17,1.4383526,0.9456768,18.473383,0.2264303938298264,0.1403367832950005,0.955559326667158
3950102626385007616,182.5170429747981,18.544042840357825,-0.0616382716450594,-1.7471855777087153,-1.9915089228101224,0.07848475,0.073121354,1.0269623,0.48566458,0.6709279,17,1.2819743,0.33626175,16.970415,0.1126084443804116,-0.0681669316130825,0.991753052977805
3950102626385010944,182.5158969673024,18.54544472810235,-0.1003117566131618,-1.8066262845252727,-2.16073708694996,0.10166753,0.09877734,0.9954572,0.0,-0.08597479,17,1.1390061,-0.03208542,17.522314,-0.0143035395337574,-0.0181104775434184,0.9851861942310808
3950102626385014656,182.51544489415005,18.54680097945585,-0.1006768467803775,-2.014451248027653,-1.971123159748868,0.35645375,0.28562993,1.0259765,0.09395594,0.6254913,16,1.3289121,0.8930721,19.121328,0.1215728072239663,-0.3564005614317941,0.9347756069455398
3950102626385032960,182.5204245226466,18.54895371792123,-0.5203498961455881,-1.792333353768112,-1.860171778462659,0.41930655,0.33801466,1.0542672,0.12523407,1.2672468,16,1.3386728,0.90387154,19.322409,0.1304076194936727,-0.1850433603638513,0.940129236676322
3950102626385149952,182.51755446964023,18.545119897983845,0.2175914051891136,-1.7727173646212615,-1.69445591135145,0.6778661,0.5149133,1.0193722,0.0,0.46240693,16,2.0229344,0.3940735,19.892712,0.8502533277923456,-0.2313764498800517,0.912310904369715
3950102626386035200,182.5149491002632,18.53519047994025,-0.0045554065718939,-1.834225901979613,-2.0676535893591383,0.07867671,0.08987373,1.00743,0.0,0.20639804,16,1.1647532,0.26284218,16.991335,-0.0007133952989584,-0.0930330480261881,0.9839508221357732
3950102626386053376,182.52243017137792,18.54297896050977,-0.0129494030214945,-1.761462054135704,-2.0667379316500245,0.029459966,0.027200192,1.0670557,1.2951161,1.6809412,17,1.3521199,1.216918,14.966558,0.1138186130269296,-0.05070165502985,0.9971427355850796
3950102626386129664,182.50688607322988,18.54445004495988,0.0069534103916435,-1.7435519657441074,-2.0536855009066457,0.052990153,0.050677773,1.1045941,1.9835668,2.5548277,17,1.2306826,1.1126919,16.184608,0.0030398499608972,-0.0443765887858514,0.9974596329440848
3950102626386132352,182.51324933108265,18.545833167855022,-0.017930612275458,-1.6711971326559836,-2.037068543674956,0.06602483,0.0636275,0.9108219,0.0,-2.1532671,17,1.2023925,1.0478497,16.740906,-0.0189415460434208,0.0033266473996123,0.9958495733592936
3950102626386132480,182.50971500912465,18.54759187433797,0.0756925437669981,-1.671199288639866,-2.0837864006008977,0.0946495,0.09459445,1.0069473,0.70553803,0.19043306,16,1.1405674,0.13057518,17.038952,-0.0187527038792891,0.0023056142503461,0.9934302922260212
3950102626386133248,182.51904147315176,18.54496384822406,-1.0866320287872182,-1.3475480115611378,-2.114064288564366,0.5017522,0.45125082,1.0737295,1.2111601,1.6842272,15,2.1091652,0.6381531,19.442432,0.921314678070328,0.1192243820250623,0.9141656920611728
3950102626386134784,182.5156923178342,18.54931998343429,-0.0242672418810245,-1.8514942463655684,-2.038205315017446,0.06482006,0.059110705,1.0973486,1.1479725,2.3862288,17,1.2279284,1.0752907,16.553345,0.0039555591641382,-0.1281144938379637,0.9665042649539874
3950102656449966720,182.50148595956995,18.545873690154068,-0.4419622735466963,-1.2628244637839443,-2.214097734294659,0.38597563,0.302426,0.9111648,0.0,-2.0516918,16,1.2700118,0.89313126,19.184452,0.0626674564013753,-0.049058392425698,0.9099019912489664
3950102656449968000,182.49463953330545,18.5480281702658,-0.9634290086052776,-2.00162807259868,-2.809778847591011,0.5037378,0.4056447,0.97517884,0.0,-0.52043253,15,1.1329374,0.82844734,19.592842,-0.069026151920474,0.9743319265862966,0.9884437952468588
3950102660745775616,182.50263229181988,18.54397597441025,0.3583681766074105,-1.828121468423417,-2.257952839294873,0.2160544,0.20536168,0.9568003,0.0,-1.0147642,17,1.2281268,0.93240356,18.68125,0.0173781651973847,0.0503160567438734,0.9584851817169
3950102690809712128,182.50166885173908,18.55847356947527,0.2710715558009151,-1.35561281146336,-1.907503534953762,0.55412096,0.42643502,1.0238734,0.20260412,0.5793297,16,1.1792877,0.62537956,19.709846,-0.0077113424979708,0.4349698448487776,0.9059587761536344
3950102690809712512,182.50846725899288,18.555920469907846,0.1191233641528537,-1.74409540837729,-1.9902557433931736,0.1162472,0.12876065,1.0159949,0.0,0.40692422,15,1.1975228,0.97226524,17.652287,-0.016784701989071,-0.0656320211077848,0.9882305395783828
3950102690809726464,182.5102943299672,18.55100560517344,-0.1221143401247604,-1.714575470881947,-1.8059438557840053,0.15393211,0.16900644,1.0905555,0.9743699,2.1805468,16,1.2652506,0.8917084,18.077528,0.0580276689536838,-0.0718017208349716,0.9614844857975036
3950102690809834368,182.5022733047985,18.553385731473863,-0.1356757361147362,-1.6204937747548895,-2.16504562589477,0.36916664,0.291837,0.96013725,0.0,-0.9074572,16,1.2037823,0.8197403,19.207298,0.0025211236115256,0.0064948682861632,0.9471665690806066
3950102690809863296,182.50832181571704,18.55275227375504,-0.362810344032459,-1.5907772175393662,-1.972252416113792,0.25294554,0.28157517,1.0143696,0.0,0.36124942,15,1.3144546,0.962265,18.821749,0.1010495989786763,0.0889206738314237,0.9606205291686972
3950102695104519680,182.5118109197323,18.554640353232188,0.2857900587604118,-1.495683083596793,-2.237389255372796,0.4482823,0.3091257,1.0514996,0.22398926,1.184986,14,1.205242,0.8618431,19.248463,0.0005359873117738,-0.0416019221887158,0.929661573520522
3950102695105643392,182.5036848890841,18.55394423397833,0.0863354958097731,-1.6275430351021385,-2.065440303201292,0.05562297,0.05399322,0.9766346,0.0,-0.5602568,17,1.2220206,1.0758257,16.457108,-0.0020041434904001,0.0287962593766163,0.993629252629305
3950102725169437696,182.5543999928064,18.532716318354083,0.3483120138710044,-1.7100399952438887,-1.7070632064819549,0.61577225,0.4368239,1.0000014,0.0,0.02932421,16,1.1759088,0.74580956,19.736168,-0.0196035006205186,-0.0797707600892576,0.9197334678430388
3950102725169438720,182.548131271884,18.53564107268873,0.2196256114718342,-1.5400574758386365,-2.1275646740267127,0.25624883,0.2341101,1.02928,0.41938207,0.7129841,16,1.2472473,0.8978996,18.746716,0.0394950857739517,0.0404602706994177,0.959767219918596
3950102725169439744,182.5490945483237,18.53869578841931,0.2091774467314487,-1.8305862512105024,-1.476818049277203,0.63745964,0.4805609,1.0370568,0.5735728,0.85021347,17,1.1179628,0.7564049,19.799202,-0.0783495047528359,-0.5318566086465621,0.9052487713827004
3950102729465348224,182.5454495641304,18.533047913995187,0.0807872043046709,-1.844205420734805,-1.976705363206429,0.111708246,0.0968455,0.9398038,0.0,-1.4188578,17,1.2263339,0.9604683,17.502533,0.0130903641906099,-0.1727378356337268,0.9771019318830896
3950102729465351296,182.5589946942005,18.533493854850285,-0.0880361065453173,-1.7606424639731053,-2.11576800112308,0.06854932,0.06364653,1.03997,1.3645704,0.9727148,17,1.2314564,1.0565758,16.603083,0.0092882214147478,-0.0301517256257141,0.9953123288893184
3950102759529179904,182.5510929017289,18.54290855736876,-0.2902844900561482,-1.3108053221562272,-2.090342660301909,0.6803573,0.5460631,1.0080719,0.29823387,0.20273826,16,1.1444858,0.701807,19.818245,-0.047791277900804,0.1742922294294751,0.9024669099033236
3950102759529182080,182.5614859041385,18.54722453062742,0.2254072271354586,-1.920139623887341,-1.907754671756701,0.14708932,0.1421887,1.0439491,0.41573218,1.0802743,17,1.2206602,0.9210491,18.069124,0.0109063133501168,-0.3318108325020449,0.9390699776278418
3950102759529182592,182.56328335545365,18.54801657403371,-0.1102191699687736,-1.942362753359048,-2.0049258581192526,0.21175668,0.20533296,0.9787793,0.0,-0.49626413,17,1.1094829,0.12805748,18.646994,-0.0497311586413833,-0.237112573678044,0.956850820624266
3950102763825096064,182.5537346891344,18.54493861800547,0.8195342073574367,-1.7387313671392983,-2.0310468504606614,0.43185616,0.30940145,1.0171474,0.0,0.42534542,16,1.3258508,0.969717,19.262756,0.1117738824974527,-0.0480966632257528,0.9455854079059992
3950102793888933888,182.53597816676444,18.55063548139132,0.1207111621788475,-1.7429630014628368,-2.036402010684823,0.04551965,0.04137633,1.0107464,0.4659601,0.28919214,17,1.2475802,1.003993,15.914364,0.0303669946143427,-0.0495917598451871,0.9971548699812658
3950102793888940288,182.53953932584324,18.538348098182148,-0.179444383033216,-1.527567682214534,-2.1091367699947647,0.6737032,0.54016,1.0360779,0.5204485,0.8255649,16,1.4766183,0.6957321,19.850817,0.2847767192840771,0.0573433874774112,0.9099290183935091
3950102793889078016,182.5416895945424,18.544277916632463,-0.0327273378274919,-1.7175002470248115,-2.1048473260740463,0.22508682,0.2137432,1.0056187,2.2682994e-15,0.16727537,17,1.1547855,0.92329216,18.750051,-0.0551642249436361,-0.0170313805906882,0.9726503546951688
3950102793891258752,182.53596329954752,18.547050795496105,-0.0542428075105057,-1.7566465350952996,-1.9195435791746367,0.10324144,0.100011535,1.0479299,0.56245035,1.21461,17,1.2611341,0.9686432,17.488409,0.0471542232190629,-0.1052575357238947,0.9778607375829304
3950102793892568704,182.53870791935304,18.538770624536347,-0.2728686737144937,-1.3555711242041133,-2.145074935801945,0.22717533,0.21900551,0.9209283,0.0,-1.9722582,17,1.1961606,1.0183983,18.774096,-0.0223929098261455,0.0684611946591927,0.9173850761902358
3950102798183580288,182.53266479807675,18.543091490035657,-0.0766759686997821,-1.7677018093398709,-1.9775292196845504,0.08980731,0.08875422,1.0768684,1.6057311,1.8497578,17,1.3158991,0.9510784,17.185497,0.1034960133504563,-0.0939348564031485,0.988592948211614
3950102798183707648,182.53310449386524,18.53915733599099,-0.1575282678266191,-1.605011607630805,-2.368171994016924,0.49568927,0.4063049,0.9823948,0.0,-0.38967502,16,,,19.553827,,-0.060911730048739,0.9145747080874864
3950102798183707904,182.53749313156783,18.537415915828834,0.1148828067487186,-1.8270582313231345,-2.20991873950855,0.116123356,0.1130368,0.9863333,0.0,-0.31132334,17,1.2472504,0.92892456,17.71849,0.0368074568050167,0.0149323125246437,0.9725832044432012
3950102798183712512,182.53406651231165,18.54001201846156,0.4541643926133445,-1.606021731554112,-2.229426277431769,0.6680731,0.5737081,0.9693696,0.0,-0.59845567,15,2.4276702,0.63290215,19.612951,1.2401712096566857,-0.0134314064864731,0.906859803208392
3950102798183716224,182.5375824876025,18.53911130494807,-0.653291841756991,-1.5812518058348952,-2.3984329454782443,0.58294845,0.45600188,1.0068936,0.0,0.18821199,16,1.715427,0.679018,19.732061,0.5247695079230246,-0.0951558776393185,0.9047557279217076
3950102798183716352,182.5378554706221,18.53884321006487,0.2481540143047794,-2.006577936872046,-2.215268650403358,0.7782264,0.58582926,0.9290202,0.0,-1.4434762,14,,,19.982563,,0.041176576037661,0.9013423158920376
3950102798183723776,182.53369852027072,18.544211116229093,-0.496026983902977,-1.888298734406276,-1.926005079049626,0.44976863,0.39760444,0.9801205,0.0,-0.42092302,16,1.8369824,0.8055515,19.416397,0.6368544844019393,-0.2698870461532552,0.9308090900043346
3950102798183725824,182.5326110755164,18.54414308594797,-0.0530936449496316,-1.7358485362310825,-2.236797955941223,0.79543644,0.54945445,1.0888808,1.5628964,1.844789,15,1.6920432,0.58623505,19.751303,0.5075755156319093,0.0137206503010807,0.9026891405186792
3950102798183739264,182.53565006795765,18.545184907052384,0.0390514113414099,-1.2979294392911156,-2.012307155148631,0.35966668,0.29120195,1.1040461,0.96423686,2.4150877,17,1.5620215,0.81850624,19.04943,0.360859445850257,0.3225265737724276,0.9179877316237957
3950102798183741824,182.53645901270025,18.545590645481184,0.4019010645048523,-1.5173196029867797,-1.8146085046427007,0.51155514,0.45416248,1.0650287,0.72090834,1.4458603,15,1.851365,0.9699669,19.431843,0.6372654880677249,0.2861625733800088,0.9204273298979642
3950102798183745792,182.53635219230588,18.5466421252281,0.2238071615702506,-2.0102891565427217,-2.3202950183648143,0.30170462,0.26557922,0.97052705,0.0,-0.66358113,16,,,18.969864,,0.2109827809445907,0.9159330572067478
3950102798183745920,182.53629556884945,18.54623379302868,-1.1285149678355604,-1.4866062134187426,-1.7500901403458338,0.7232895,0.54116076,0.98470736,0.0,-0.31152317,16,,,19.883633,,0.4004517670288862,0.9011908961936352
3950102798184795520,182.5315398217073,18.543491432604363,-0.0287334217301959,-1.7540608312542885,-2.0401483991928244,0.0796577,0.07871594,0.96031046,0.0,-0.9548691,17,1.3412645,0.18433571,17.089437,0.1795823531103286,-0.0563629288149985,0.9945691613891018
3950102798184828672,182.541940419876,18.54163615865141,-0.1966783077980499,-1.7639347692976295,-1.971237495188012,0.114397325,0.106677674,1.020458,0.2165163,0.5234821,17,1.239598,0.9631691,17.624887,0.0261116707911801,-0.0927622134297078,0.9866477888369708
3950102798184829696,182.53508224959825,18.545708956348392,-0.0565632819902666,-1.6329864829556409,-2.118507628894556,0.0377935,0.03611125,1.0291989,0.14308092,0.7480763,17,1.2839779,1.162324,15.518585,0.0513374285713481,0.0146119989224942,0.9863856903196304
3950102798184831616,182.53424000036912,18.549825317704755,0.0436217718760734,-1.6502630822198692,-2.047426065559522,0.08010093,0.079633355,1.0227225,0.28675035,0.5556521,17,1.2261453,0.25678062,17.014566,0.0609850793720714,0.0174288098426666,0.993946485268646
3950102798184832384,182.53577183606004,18.54879038967848,0.0179340489601095,-1.66202463372621,-2.0024739319513367,0.062730305,0.057311904,1.0877658,0.44127592,2.1744704,17,1.2515166,1.0686884,16.52446,0.0281828476979748,0.012347179633596,0.9923762204043072
3950102828248664064,182.54205032635727,18.556193203135667,0.2831348618376842,-1.3544519103935455,-2.1534496366777445,0.7674779,0.5599053,0.92733544,0.0,-1.5712042,15,1.5184718,0.66708183,19.831657,0.3286471714201149,0.055733447689242,0.9012227782394788
3950102828248816640,182.5406966637226,18.551958339688422,-0.2550399215844955,-1.638945843010605,-2.1563961957620537,0.56536305,0.43501356,1.0269543,0.37088302,0.6344004,16,1.1358719,0.7134323,19.686659,-0.0572461534539743,0.0058583331989295,0.922032703510042
3950102832543503104,182.5469351163203,18.5458569379445,-0.3139172384787397,-1.5326765420134008,-2.2320761277257644,0.769945,0.54074943,0.91934764,0.0,-1.7838522,16,1.0878226,0.61278343,19.98195,-0.0983490040434731,-0.0293910307785818,0.9026587442327376
3950102832543508992,182.54427431709524,18.55141798912411,0.5874647775164105,-1.845711892503516,-2.0691145888448266,0.44945312,0.33684644,1.049618,0.4499657,1.1764988,16,1.1521262,0.89084816,19.364899,-0.0550233926652738,-0.0985780132942712,0.9394566879295562
3950102832544573440,182.5421610640304,18.55468285205245,-0.0319541964087219,-1.888469255695212,-2.2095202280597697,0.65667254,0.59032035,0.9385471,0.0,-1.3096757,16,1.2723027,0.47439003,20.009079,0.094657793374355,0.0205833364485479,0.9076696035647964
3950102832544574080,182.55825679478693,18.553222370136403,-0.0963756507905182,-1.906834977273506,-2.002478529988814,0.13328853,0.12917858,1.0230865,0.0,0.59056526,17,1.2101105,0.9278698,17.938557,-0.0002399210208929,-0.2082444451681109,0.9650866733262984
3950102935623789824,182.55283917068644,18.5608986545082,0.0559473887480613,-1.6470180191835628,-2.0033840052157386,0.1269437,0.11479122,0.9859783,0.0,-0.30762702,17,1.1228247,-0.054216385,17.745798,-0.0297991797890024,0.0257436073764739,0.9875634834289592
3950102935623789952,182.5643471701964,18.56390968606258,-0.089061673680955,-1.586689655590206,-2.258497631402893,0.10502571,0.104384914,0.9769527,0.0,-0.5234403,17,1.1356655,-0.01672554,17.501724,-0.018138674350147,-0.0296312681029098,0.9397869067867533
3950102965687637888,182.5714714170772,18.56769116782053,0.0510612757083907,-1.54607392070519,-1.9591566279922203,0.40416723,0.28742838,1.0047197,0.0,0.13481374,16,1.1223619,0.13059998,19.12856,-0.036959250487665,0.1438964900901449,0.945267241198216
3950102965687644928,182.5693145508484,18.579494659238563,-0.1261394390967967,-1.6080222218917088,-2.05440668714989,0.6524683,0.5798284,0.98696864,0.0,-0.2602745,16,1.2084333,0.6535721,20.008118,0.0195384414351831,0.044062747869634,0.9114751017533962
3950102969983528704,182.56682523358512,18.577085438399127,-0.0360155081030627,-1.796178896886009,-2.142990013926905,0.08385334,0.07920942,1.0028929,0.0,0.095453605,15,1.1713009,0.30441093,16.994518,0.0036693531283671,-0.0269673700524619,0.989389931558936
3950103000047364224,182.53208780342428,18.5489589251814,0.0816738818138923,-1.6351879494582662,-2.092498611178434,0.04562044,0.044954907,0.90157974,0.0,-2.3322778,17,1.2727675,1.1069155,15.961235,0.0456970054955538,0.0189408948963874,0.9942696047196408
3950103000047365120,182.52661971981573,18.552380817976523,0.0012884187643804,-1.6642285733874258,-2.121185349750337,0.05247752,0.049137283,0.96359015,0.0,-0.87321717,17,1.2333926,1.0902033,16.246117,0.0079665486520401,0.0037826805453777,0.9961738709243336
3950103000047367296,182.52997076530912,18.55455214299761,0.246849148397742,-1.714382012900121,-2.397830011775157,0.49114007,0.37304646,0.963192,0.0,-0.80350316,16,1.4345803,0.73594475,19.379536,0.2398055590103813,0.038821066861179,0.9131091049591806
3950103000047367552,182.5239860435984,18.556685537613507,-0.1575737782577858,-1.74168746461869,-2.1011326220597826,0.09200019,0.08924414,1.0805084,0.90069604,1.9185548,17,1.1607807,0.07640076,17.230764,0.003652090227078,-0.0280736504058357,0.9938949029584216
3950103000051005952,182.51823897161609,18.554900907965763,-0.0823325956993971,-1.422095746861427,-2.097830180568896,0.5529368,0.43767142,1.0420402,0.7736013,0.97239166,16,1.315133,0.8037262,19.640453,0.1151498489523346,0.1119857846790178,0.918051379750882
3950103004342067840,182.52549243962684,18.548596813621906,0.0620497595023719,-2.0694567614586483,-2.2853349886052388,0.640962,0.4307979,1.12826,1.5215822,2.714663,14,2.4625845,0.6886978,19.459045,1.271243782898489,0.1819567957696417,0.9053551634064368
3950103004342167168,182.5238336632481,18.54959108857373,-0.1491819410543819,-1.557711005374654,-2.198407816311473,0.20354626,0.20268285,1.0389894,0.68575656,0.97462016,17,1.500514,0.82299614,18.564644,0.2989907993365541,-0.0050979432675331,0.9628116731166207
3950103004342175360,182.52709896252145,18.550010968236453,-0.6995439724529013,-1.3618310138879255,-1.9712744222718608,0.43189692,0.3545562,1.0653926,0.018311692,1.5376304,16,,,19.351395,,0.3300479902218772,0.9206442647431594
3950103004342182144,182.530069672792,18.5512412115418,0.4145200838020557,-1.989802533937877,-2.280254636305381,0.38271418,0.3019371,0.9786819,0.0,-0.47331986,16,1.6841621,0.7288208,19.124828,0.4899156051648761,0.137455733352857,0.9258930845715274
3950103004342188288,182.5258869523492,18.553401937345505,-0.0712530773248681,-1.4485944023902,-2.1789995473443864,0.56741047,0.4485593,1.0270946,0.0,0.6477015,16,1.4671049,0.6471157,19.67549,0.2786495272710028,0.0114338035405355,0.9157774467285318
3950103004342199808,182.5298614983972,18.55687678697989,0.9562920360326908,-2.1421955250961826,-2.1516766591807324,0.63647974,0.5062842,0.9891953,0.0,-0.21438797,16,1.0209869,0.6825676,19.827375,-0.1699203224242664,-0.0849068053720586,0.90749593727515
3950103004342201472,182.52763369150327,18.55982300053896,-0.7764921202639793,-1.4403363659208157,-1.3360186550434707,0.8213585,0.69606435,0.99279547,0.0,-0.11181585,14,1.4076552,0.56103706,20.04198,0.2247540331671953,0.9681682436765948,0.9976767364293888
3950103073061675648,182.52098065852783,18.55962722805302,0.1499357475123591,-1.5962193523382389,-2.051163024845975,0.6382628,0.45011127,1.0045485,0.023789505,0.12885386,13,1.3314254,0.66199493,19.686853,0.1419524742940807,0.0529870412080728,0.9192536809044886
3950103004343164928,182.52513315698488,18.546190253852025,0.0173219641099604,-1.665005456657627,-2.094818325308187,0.023131737,0.021115638,1.1033092,0.9331723,2.5283582,17,1.2972072,1.3221407,14.38904,0.0475330830728664,0.0048895492164137,0.9970556012076603
3950103004343165312,182.52923367010783,18.54804994922896,-0.1568124104814539,-1.630197736726834,-2.034354047710447,0.079669334,0.07471114,1.0922719,1.2733461,2.3190513,17,1.385903,0.31954384,16.990515,0.2174556169441037,0.0340308455277552,0.9922796295460576
3950103004343202432,182.52798463277395,18.54812942274434,-0.3306490162767014,-1.8529164324434928,-2.2754599971334706,0.11454397,0.113667816,1.0345985,0.8453964,0.8726032,17,1.6920518,0.87999725,17.647755,0.4858230142481898,0.0734528737360063,0.925393707180127
3950103004343257856,182.5232600186308,18.548607055892468,0.07265125313969,-1.5616772452416054,-2.3060164157461243,0.13993526,0.13616128,1.0513821,0.4696286,1.2914512,17,1.3366481,0.88433075,18.037323,0.1300525242095485,-0.0640742322921454,0.92245596603662
3950103004343261696,182.5331164477023,18.54987487059969,0.0680751317615355,-1.7122296648264068,-2.1910878614432088,0.06653899,0.06805956,0.9727229,2.4326738e-15,-0.6117771,17,1.276153,1.0348682,16.687899,0.056051183350277,0.0002890645458885,0.9877920472140624
3950103004343262080,182.53153287551103,18.550334522186105,0.0781083146099817,-1.675228741243514,-1.9726126837625824,0.10703454,0.10750723,1.0518531,0.6657149,1.2342145,17,1.2742001,0.038734436,17.471577,0.118483533619617,0.0005207778293441,0.9882936546531448
3950103034407099264,182.5292224423714,18.56354528061821,0.1150056451981634,-1.6580066091089627,-2.0308681741195995,0.18274477,0.18354046,1.0155103,0.0,0.38573268,15,1.304331,0.89803696,18.372517,0.0965670138416483,0.0135428490715969,0.9793247079322592
3950103034407108608,182.5393268427911,18.56416906906201,0.1530339114606044,-1.4724898926896173,-2.016156721349673,0.15784158,0.15178372,0.982173,0.0,-0.41844353,17,1.2420621,0.88399506,18.234713,0.0354949824192392,0.1697333813713162,0.9547402946387916
3950103038701942144,182.5394729101097,18.56333821617952,0.1639339438085751,-1.5936909774298509,-1.675444904057174,0.6707706,0.5214939,0.93882114,0.0,-1.372157,16,1.1383039,0.34404564,19.91245,-0.0314957540014422,0.2032186776426736,0.9117934075175526
3950103068766833536,182.51237961519783,18.55712974969202,0.0448186268660808,-1.855611909713598,-2.2630521807482062,0.67585063,0.5415102,0.982289,0.0,-0.3724834,15,1.1285805,0.68071365,19.950062,-0.0621961715959304,0.0638134104978047,0.9066346349643524
3950103068766846464,182.51529010073105,18.555025152765182,-0.1512471396817316,-1.7707954779801782,-2.243638996201399,0.15470743,0.1501061,1.0450559,0.90877295,1.126285,16,1.2629597,0.9332428,18.166906,0.0521372041762404,0.024830482638979,0.9715064130118928
3950103068766847872,182.522533673587,18.56464005179332,-0.3024890122948089,-1.811524541016699,-1.7633418765740512,0.18613483,0.17886238,1.0306621,0.71402967,0.76847,17,1.2425652,0.94877243,18.387571,0.0303676358128208,-0.2788698957575953,0.934304422460955
3950103068766850176,182.5227462106863,18.562005435589462,0.3671326363324146,-1.872204054078436,-2.1787816238047344,0.30081537,0.27714857,0.95503217,0.0,-1.0577666,16,1.1676757,0.95257187,19.04752,-0.0448606783671894,-0.0100969552385901,0.9514745256572492
3950103068766853504,182.52084846209,18.56695653950538,0.0087337969243681,-1.5817010661698936,-2.11907613533359,0.13464741,0.13674317,1.0276803,0.0,0.70538324,17,1.22158,0.9828148,17.995798,0.0063134621958809,0.0318876457258541,0.980606687697329
3950103068766854144,182.5181615521236,18.568774877365616,-0.7851500471659518,-1.8618230957120667,-1.9660168755107128,0.7077697,0.5640995,1.044251,0.110316604,1.0121382,16,1.4391364,0.5542717,20.014498,0.2566473365440589,-0.2003871777197297,0.908883929798476
3950103068766854912,182.51527831625384,18.569483503059125,0.0299867036699165,-1.4998949729824966,-2.2927187296031697,0.46231872,0.34504443,0.99837804,0.0,-0.007247947,16,1.1283896,0.83405304,19.423395,-0.0740289309979194,-0.0875154729088037,0.9212915959879682
3950103068766856320,182.5156955926176,18.571480753873846,-0.4908536084779141,-1.725725435085821,-1.9067182401773743,0.56900567,0.428217,0.96847796,1.251196e-15,-0.6905102,16,1.2232798,0.75427246,19.722454,0.0271291552123422,-0.0681267541017574,0.926619690699497
3950103073061661056,182.51774451484505,18.55634672771944,0.1904311689145026,-1.8742372471490536,-1.301894673491702,0.46027654,0.36854365,1.0449817,0.0,1.0436255,15,1.8500527,0.8000431,19.457676,0.6503609437105222,-0.8491241050618293,0.9756996336161023
3950103073062741504,182.515768523358,18.56314823413643,-0.0016518537148335,-1.6814212939379312,-2.1751354277610777,0.036272053,0.034099165,1.0316383,0.68052447,0.814118,17,1.2315427,1.1945982,15.506168,-0.0044239158050292,-0.0003926871229885,0.9428277368715178
3950103103126595456,182.5291819772142,18.5730671765881,-0.0398099632369517,-1.731812266000476,-1.9873075908302489,0.07141853,0.0663895,0.9898123,0.0,-0.21666978,17,1.2405325,1.0440025,16.785843,0.0195647226354465,-0.0546373667820926,0.9918778292823746
3950103103126596480,182.52823955060404,18.57524076017725,-0.2651927248768959,-1.6234103805682978,-2.23769752851927,0.6615459,0.4998904,0.98672885,0.0,-0.2695545,16,1.246979,0.49288177,19.8284,0.0681322665235555,-0.0121663030907936,0.909837977207782
3950103107422481408,182.51819125626955,18.57338896150361,-0.0303142262907845,-1.9888398272870225,-2.010180769869871,0.4601154,0.35761905,1.0270416,0.41150546,0.6487289,16,1.2473438,0.9266529,19.421753,0.0371000329392832,-0.2705137075893051,0.9293223835138086
3950103137486329472,182.5474931842033,18.567309171691807,-0.9269288215555908,-1.4635020478153045,-2.016090546320008,0.71567124,0.5826008,0.972338,0.0,-0.58374697,16,1.1423484,0.73147583,19.998478,-0.0520945360532623,0.1773072568173805,0.904976699723421
3950103210501697152,182.5443551894487,18.580798254840605,0.0378145921617963,-1.671102473494032,-2.089825308918475,0.07055932,0.06596001,0.9554612,0.0,-1.0869355,17,1.1810675,0.42846107,16.853243,0.0063121369596663,0.0022203185002189,0.9962009505623808
3950103755961626240,182.6289074895245,18.57743723682618,-0.4399383853739911,-1.7471562650367,-1.5200249423046672,0.72778916,0.4525849,0.98917466,0.0,-0.19804753,16,1.2263381,0.8074188,20.094059,0.0260618471739171,-0.2304463099598037,0.90458517462225
3950104103854916864,182.656183805108,18.59888220408068,-0.0714086387615241,-1.3369569593290251,-2.01223850756664,0.25534636,0.18014972,1.073532,1.4085835,1.7293838,17,1.1629788,1.0077915,18.882446,-0.0545865604035771,0.289320785049675,0.9303106117378256
3950104443156396800,182.59146814634417,18.58379941838268,0.1704119073221437,-1.677716984072575,-2.181969676900105,0.07862008,0.063677065,1.0238794,0.48376134,0.61076164,16,1.1850098,0.33800697,16.98326,0.0155470229394054,-7.168677660674283e-05,0.98604703672346
3950104683674569728,182.58126869504488,18.60054395725308,0.1821486344256092,-1.900447224511428,-2.188694412983579,0.122238286,0.109400935,1.1053537,1.1949307,2.5603447,16,1.2159157,0.9944496,17.635462,-0.0004167677742892,-0.0008125963089205,0.9548183428696084
3950104855473267328,182.57540397593343,18.620476033189085,-0.8693053602781455,-1.39287506473528,-1.9323695388839952,0.52295053,0.37791845,1.0457932,1.0731283,1.0867664,16,1.1310124,0.9238701,19.466127,-0.0789878378119273,0.3504410924398985,0.91759778497811
3950106131079490560,182.855711773795,18.587935289256244,-0.3081467441603547,-1.662131654877769,-1.987737244288011,0.6712616,0.38151756,0.9204493,0.0,-1.7175806,17,1.1488589,0.707777,20.09526,-0.0438488068328897,0.0132163243943209,0.9249691927036228
3950106642179648896,182.75324991048865,18.578190082185287,-0.0945043279276105,-1.4840890879630586,-1.952052109188456,0.548363,0.2874092,1.0626683,0.330723,1.4779954,17,1.157295,0.8629074,19.643108,-0.0474996689897424,0.2192524288693071,0.9340951274401762
3950133889451868160,182.97258955252968,18.80781559627619,-0.753953197054426,-1.9304593559173924,-1.992158594628049,0.23832299,0.17666723,1.0026021,0.0,0.08831609,15,1.1200889,0.20853615,18.936733,-0.0427174232744806,-0.2422010841532001,0.9622845782269308
3950149454413746816,182.4671793278005,18.53819381821095,1.1330811529390337,-1.4613479670594811,-2.2897440967519325,0.6314813,0.5021799,0.92166317,0.0,-1.9143138,18,1.1873872,0.5230789,20.06505,0.0067512922587222,-0.1036278110680737,0.905073220213545
3950149488773361152,182.4703762125787,18.542898238682938,-0.1576262984693896,-2.004027857847957,-2.3128732935535408,0.24673493,0.21924971,1.0033387,0.0,0.109769784,18,1.227828,0.8603649,18.944494,0.0232449935290344,0.1952914392769819,0.910949475036999
3950149488773363328,182.4685685386445,18.54725108308432,-0.0220982923146592,-1.7791395675818575,-1.91106003189098,0.32735714,0.24877788,1.0439224,0.32286304,1.0565112,18,1.2181308,0.829319,19.086859,0.0160966437707048,-0.1387438909255504,0.9561346458692622
3950149591852579456,182.48666626599413,18.548704167120324,0.2831809775513405,-1.573581746845923,-2.16810856659742,0.512091,0.3829038,1.0535408,0.0,1.2417797,16,1.180167,0.83395195,19.634892,-0.0222433069229495,0.0105034077047418,0.9274095615098724
3950149626212340352,182.4852051831881,18.56494861868892,0.0675201384933217,-1.6790028559271863,-2.11449536164128,0.085020125,0.069452934,1.0322323,0.76010716,0.81759995,17,1.2158327,1.0264511,17.111933,-0.0034757282909871,-0.0011832495240026,0.9950032190981952
3950149630508223360,182.4964262190849,18.56040963698776,0.123446039288187,-1.5804602634218448,-2.191225100149089,0.17025654,0.16067797,1.0424008,0.5298496,1.0485263,17,1.1982901,0.8990612,18.295887,-0.0095617046219096,-0.0008174303553218,0.9711604208761192
3950149664867862912,182.470213369704,18.55792186326611,-0.0695322257742295,-1.6528023441429984,-2.148784679333529,0.059542302,0.04803384,0.96453494,0.0,-0.85270053,18,1.2294631,1.0816336,16.487255,0.0048737927476163,0.0044922911484041,0.9909315819748756
3950149699227707520,182.4887469407251,18.577884319804088,0.1186741815190904,-1.5310498034026674,-2.2825012561936604,0.20312098,0.18979266,0.97792965,0.0,-0.50193214,17,1.2228932,0.964262,18.524704,0.0093084887041419,-0.0648847804573257,0.9442512169763482
3950149866730515712,182.45265040379613,18.57504172430788,-0.3210463370850946,-1.894998605370978,-1.4030497632408752,1.2199769,0.6648382,1.0791825,1.7266324,1.6897202,14,1.0939293,0.6177292,20.13126,-0.0925657403276061,-0.8310334846907487,0.909904642742086
3950150004169467904,182.51372542798504,18.573515426451905,0.409136951181457,-1.5507840349431832,-2.204971834776232,0.35983196,0.27156195,0.9737516,0.0,-0.5933948,17,1.1445022,0.83935547,19.09226,-0.0583486937357469,-0.0093497189374499,0.9443270448748696
3950150038529212416,182.51975088584803,18.58709230973782,-0.3819477302122259,-1.838552464366768,-1.806968299718969,0.3099506,0.27943775,1.0465047,0.025136916,1.0637965,17,1.2011814,0.91244125,19.01124,-0.00782403460468,-0.3001389335058243,0.9449562691939244
3950150072888949632,182.500232404358,18.58417416585163,-0.1107947310325962,-1.8308362374056315,-2.347564289612334,0.3277922,0.28325436,0.9922946,0.0,-0.15627715,17,1.1769084,1.0248089,19.143715,-0.0422457499250572,0.1182003137869199,0.9318229614899004
3950150420782215168,182.5123030570085,18.61104088967992,-0.1362387501579401,-1.612712189697327,-2.0930136232551586,0.08042792,0.07510668,1.0270443,0.0,0.6576505,17,1.1482232,0.27771187,16.989119,-0.0180050128368034,0.0292857219065773,0.9912857064901438
3950152173128873984,182.5426768998909,18.66960057656197,0.112354000705951,-1.4877108124661838,-2.206035004234604,0.15522069,0.12634584,0.95659304,0.0,-0.9193123,13,1.4515061,0.10389328,17.400906,0.2932890242253316,-0.0150329752571896,0.945615859833581
3950152237552487808,182.6052197797752,18.66151687639404,-0.1912291705143679,-1.938996133013396,-2.017450532277524,0.48391825,0.23509724,1.009171,0.0,0.23387136,16,1.1532017,0.96803665,19.339823,-0.0607233948442593,-0.2182273330400555,0.9461775983716936
3950154024258740352,182.39771432149013,18.64328414562205,0.1316000975511021,-1.3948759526309429,-2.013291781321653,0.17727794,0.14576386,1.0659524,0.58777386,1.612313,18,1.2190608,0.9220314,18.311096,0.0092211910294031,0.2384304177624274,0.9266298164570306
3950156085843191168,182.4754076463996,18.69759844069994,-0.3679568568926469,-1.738783216923178,-1.8503034717288345,0.24432792,0.21489029,1.0171078,0.0,0.43521196,17,1.2080634,0.94153595,18.760496,-0.0034914515832711,-0.1030631682340745,0.961503704817556
3950156669958748672,182.5008766019412,18.73903021955269,-0.0242720841444754,-1.8959147823946896,-2.1076446584927604,0.2580267,0.22996084,1.0739537,1.5368563,1.7724686,17,1.2332519,0.86771584,18.732166,0.0280557269457772,-0.0868045003093677,0.9605452077360012
3950157700750904064,182.45894926638667,18.773239439236725,0.0148190526464846,-1.788119546481056,-2.0058158665764605,0.12138058,0.11304625,1.0549358,1.1546111,1.3388844,17,1.2200916,0.98983,17.671202,0.0041833908910846,-0.0994657738261774,0.9873516752460698
3950159178219301120,182.65554714756263,18.77167731625488,-0.0081735396305396,-1.8031893376932089,-2.36200002183896,0.2306166,0.16320893,1.0081757,0.0,0.22692022,18,1.2210022,0.94787216,18.80373,0.0088847796544728,0.1059999047183054,0.9068360321857276
3950164538338509696,182.57415527018017,18.89371517562069,-0.747449077159982,-2.4824603906313816,-2.2010206375795924,0.6336497,0.30379677,0.983465,0.0,-0.3228514,17,1.3393259,0.6193199,19.63293,0.1527264343270926,0.0450071082461333,0.9042689444024464
3950169108183900160,182.29442069888407,18.80977625538505,0.3256278266993318,-1.420318767160345,-2.151410644108188,0.750629,0.48747468,0.9275134,0.0,-1.5603445,16,1.0542631,0.23859406,19.871199,-0.1099921354230275,0.0468169877330392,0.9069123854756664
3950174743181006336,182.24460342301683,18.88254887785687,0.5094436743479188,-1.417455180209388,-2.0497562529626,0.62192214,0.5319843,1.1086136,0.9851653,2.435303,17,1.144351,0.8549824,19.909025,-0.0597853691004286,0.1738734627799615,0.9092623255071882
